MapID.x,Area Name,White alone persons,Black or African-American alone persons,Native American alone persons,Asian alone persons,Pacific Islander alone persons,Other race alone persons,Persons of two or more race,Persons under 5 years,Persons 5-9 years,Persons 10-14 years,Persons 15-17 years,Persons 18 and 19 years,Persons 20 years,Persons 21 years,Persons 22-24 years,Persons 25-29 years,Persons 30-34 years,Persons 35-39 years,Persons 40-44 years,Persons 45-49 years,Persons 50-54 years,Persons 55-59 years,Persons 60 and 61 years,Persons 62-64 years,Persons 65 and 66 years,Persons 67-69 years,Persons 70-74 years,Persons 75-79 years,Persons 80-84 years,Persons 85 years and over,MapID.y,Male age at death under 28 days - 2011-13 Avg,Male age at death 1-12 months - 2011-13 Avg,Male age at death 1-4 years - 2011-13 Avg,Male age at death 5-9 years - 2011-13 Avg,Male age at death 10-14 years - 2011-13 Avg,Male age at death 15-19 years - 2011-13 Avg,Male age at death 20-24 years - 2011-13 Avg,Male age at death 25-29 years - 2011-13 Avg,Male age at death 30-34 years - 2011-13 Avg,Male age at death 35-39 years - 2011-13 Avg,Male age at death 40-44 years - 2011-13 Avg,Male age at death 45-49 years - 2011-13 Avg,Male age at death 50-54 years - 2011-13 Avg,Male age at death 55-59 years - 2011-13 Avg,Male age at death 60-64 years - 2011-13 Avg,Male age at death 65-69 years - 2011-13 Avg,Male age at death 70-74 years - 2011-13 Avg,Male age at death 75-79 years - 2011-13 Avg,Male age at death 80-84 years - 2011-13 Avg,Male age at death 85+ years - 2011-13 Avg,Female age at death under 28 days - 2011-13 Avg,Female age at death 1-12 months - 2011-13 Avg,Female age at death 1-4 years - 2011-13 Avg,Female age at death 5-9 years - 2011-13 Avg,Female age at death 10-14 years - 2011-13 Avg,Female age at death 15-19 years - 2011-13 Avg,Female age at death 20-24 years - 2011-13 Avg,Female age at death 25-29 years - 2011-13 Avg,Female age at death 30-34 years - 2011-13 Avg,Female age at death 35-39 years - 2011-13 Avg,Female age at death 40-44 years - 2011-13 Avg,Female age at death 45-49 years - 2011-13 Avg,Female age at death 50-54 years - 2011-13 Avg,Female age at death 55-59 years - 2011-13 Avg,Female age at death 60-64 years - 2011-13 Avg,Female age at death 65-69 years - 2011-13 Avg,Female age at death 70-74 years - 2011-13 Avg,Female age at death 75-79 years - 2011-13 Avg,Female age at death 80-84 years - 2011-13 Avg,Female age at death 85+ years - 2011-13 Avg,MapID,One-family dwellings,Two-family dwellings,Three-family dwellings,4-6 family dwellings,Over 6 family dwellings,Misc. walkups,Elevator apartments,Old-law Tenements,Cooperatives,Condominium buildings,Multi-use residences,Warehouses,Heavy manufacture,Light manufacture,Other industrial,Garages & gas stations,Hotels,Hospitals,Health centers & clinics,Nursing homes,Misc. health facilities,Theatres,1- and 2-story store bldgs,Department stores,Shopping centers,Misc. store buildings,Loft buildings,Religious buildings,Asylums and homes,Office buildings,Places of public assembly,Outdoor rec facilities,Transportation facilities,Utility properties,Vacant land,Schools,Government installations,Miscellaneous
NA,Bronx,295351,476525,8375,52462,706,551787,51579,107454,100908,98242,60827,42306,26691,24427,70779,116523,104501,94879,88903,95959,93733,80591,30009,38130,22843,28747,39522,29302,20296,21213,NA,33,10,0,0,0,14,50,54,65,67,122,193,297,387,436,441,413,430,439,721,27,6,0,0,0,2,6,16,14,48,75,139,201,250,278,321,373,445,554,1565,NA,21895,29333,11135,2510,4080,116,2203,831,271,47,212,2842,37,37,71,72,35,4,2017,8,20,567,9,819,173,562,146,562,167,1859,16,248,3870,450,193,210,476,412
NA,Brooklyn,1128927,871223,8730,304037,1001,225869,67065,193851,166770,154230,93518,56526,35020,34416,118826,243896,225031,189416,171510,160160,160158,150027,56864,79058,48676,56711,71850,54209,40679,45450,NA,40,19,2,0,4,24,70,90,88,106,164,287,412,556,676,672,719,811,872,1593,29,9,0,0,0,0,10,15,37,58,117,195,292,386,489,523,662,807,1057,3119,NA,60547,95657,35603,17338,8404,476,2535,2834,562,171,1206,5494,98,34,168,112,94,45,3510,16,39,2502,81,2189,193,1673,328,750,3268,18226,51,452,6954,1050,332,438,1835,1303
NA,Manhattan,928883,244787,6173,192573,946,192292,69335,82024,62937,59514,34880,37606,19019,20476,80910,198419,172294,127798,112153,105301,101282,93290,38919,52995,32515,40687,56803,39615,29875,35677,NA,10,0,0,0,0,4,16,22,26,41,67,139,205,273,376,411,453,512,587,1130,6,0,0,0,0,0,0,2,4,13,37,81,136,190,269,339,389,478,651,2208,NA,1994,1815,1482,1379,6811,2165,3655,183,9,12,28,866,536,57,94,46,67,114,894,18,2,1554,726,918,125,2265,213,318,2232,2602,104,147,1156,610,193,2352,3443,118
NA,Queens,936414,423451,8976,572759,1091,288733,78587,144634,127945,123991,76308,48034,30832,29112,98192,191403,184220,167804,160604,161311,164313,154210,57064,74181,46028,55891,72478,54970,41006,45480,NA,28,0,0,0,0,4,23,32,42,58,98,200,312,411,518,524,582,689,772,1456,15,2,0,0,0,0,2,4,13,14,43,99,163,242,307,350,432,600,862,2718,NA,154004,91041,23409,7755,2554,317,1269,2095,891,60,695,4809,140,31,75,106,46,19,3623,6,75,2273,11,1449,102,1687,292,672,863,9009,25,746,7775,593,299,40,986,604
NA,Staten Island,355407,48941,1134,38052,251,18584,10955,27420,29083,30516,18809,11114,6504,7014,18524,31798,29666,28694,33044,33939,35534,32894,12505,17459,10184,13118,16761,11215,8576,8953,NA,2,0,0,0,0,0,8,6,11,15,28,56,85,116,149,164,166,173,214,350,2,0,0,0,0,0,0,0,0,0,17,38,57,82,111,120,139,192,237,691,NA,74859,28183,848,509,127,112,61,336,19,18,50,1054,14,8,20,35,25,3,931,7,96,452,0,245,34,775,86,935,191,1187,48,278,6295,182,125,4,30,269
NA,New York City,3644982,2064927,33388,1159883,3995,1277265,277521,555383,487643,466493,284342,195586,118066,115445,387231,782039,715712,608591,566214,556670,555020,511012,195361,261823,160246,195154,257414,189311,140432,156773,NA,113,29,2,0,4,46,167,204,232,287,479,875,1311,1743,2155,2212,2333,2615,2884,5250,79,17,0,0,0,2,18,37,68,133,289,552,849,1150,1454,1653,1995,2522,3361,10301,NA,313299,246029,72477,29491,21976,3186,9723,6279,1752,308,2191,15065,825,167,428,371,267,185,10975,55,232,7348,827,5620,627,6962,1065,3237,6721,32883,244,1871,26050,2885,1142,3044,6770,2706
10001,10001 - Fur-Flower District,15563,1386,33,5277,0,432,733,666,535,498,355,808,288,413,1539,3249,3081,2022,2066,1616,1221,1418,481,543,320,676,520,619,289,202,10001,0,0,0,0,0,0,0,0,0,0,0,2,2,3,10,6,5,7,10,17,0,0,0,0,0,0,0,0,0,0,0,0,0,2,3,5,4,5,9,32,10001,5,2,5,8,29,20,56,13,0,3,0,64,43,0,2,0,0,2,47,1,0,147,122,18,2,188,3,5,47,48,4,22,45,9,9,36,47,3
10002,10002 - Chinatown/Lower East Side,24539,6421,196,33103,11,10277,2821,2787,3139,3065,1967,1517,603,999,3407,7950,6438,5592,4925,5907,4887,4333,2142,3500,1692,1691,3442,2562,2124,2699,10002,0,0,0,0,0,0,0,0,0,0,0,0,0,0,0,0,0,0,0,0,0,0,0,0,0,0,0,0,0,0,0,0,0,0,0,0,0,0,0,0,10002,8,5,4,17,531,1,109,11,0,0,4,43,24,3,4,4,3,2,90,0,0,126,82,62,9,41,9,44,83,124,12,2,47,23,9,110,59,5
10003,10003 - Cooper Square/Union Square,48166,2731,308,8315,9,1243,1953,1944,880,729,614,6696,1650,1133,3227,9621,7782,5178,3923,2979,3089,2992,996,2468,1065,1418,1367,1160,764,1048,10003,0,0,0,0,0,0,0,2,0,0,2,0,2,9,7,10,13,12,17,28,0,0,0,0,0,0,0,0,0,0,0,2,0,5,9,8,9,9,14,55,10003,56,61,33,64,399,83,133,3,0,0,0,21,35,7,14,6,6,17,33,0,0,56,31,44,11,99,16,9,113,170,0,3,12,51,7,104,182,3
10004,10004 - Battery/Governors Island,4024,135,0,1020,6,182,201,395,190,113,83,54,21,50,380,1081,988,734,456,328,213,219,52,71,35,17,46,15,18,8,10004,0,0,0,0,0,0,0,0,0,0,0,0,0,0,0,0,0,0,0,0,0,0,0,0,0,0,0,0,0,0,0,0,0,0,0,0,0,0,0,0,10004,0,0,0,0,0,0,2,0,0,0,0,1,3,0,0,0,0,0,0,0,0,15,1,1,0,39,7,7,17,10,2,3,2,1,4,0,2,2
10005,10005 - Wall Street,5625,177,1,1696,0,198,138,300,285,107,104,127,60,189,806,2213,1109,1158,497,227,211,196,7,70,46,0,81,39,0,1,10005,0,0,0,0,0,0,0,0,0,0,0,0,0,0,0,0,0,0,0,0,0,0,0,0,0,0,0,0,0,0,0,0,0,0,0,0,0,0,0,0,10005,0,0,0,0,0,2,8,0,0,0,0,0,5,0,0,0,0,0,1,0,0,3,0,1,0,33,1,0,13,3,4,0,1,0,1,0,1,1
10006,10006 - Trinity,2018,79,0,621,0,80,151,209,30,52,47,0,0,14,348,640,677,285,195,184,64,144,27,21,0,0,11,0,0,0,10006,0,0,0,0,0,0,0,0,0,0,0,0,0,0,0,0,0,0,0,0,0,0,0,0,0,0,0,0,0,0,0,0,0,0,0,0,0,0,0,0,10006,0,0,0,0,3,0,7,0,0,0,0,1,3,0,0,0,0,0,1,0,0,10,0,1,0,14,1,0,8,2,1,0,6,2,1,0,0,4
10007,10007 - City Hall,5602,228,2,1399,0,45,353,580,573,261,203,78,97,90,143,583,1131,653,854,691,379,340,269,192,54,154,72,97,75,57,10007,0,0,0,0,0,0,0,0,0,0,0,0,0,0,0,0,0,0,0,0,0,0,0,0,0,0,0,0,0,0,0,0,0,0,0,0,0,0,0,0,10007,0,1,1,1,4,0,17,0,0,0,0,3,3,0,1,0,0,0,6,1,0,17,16,4,0,51,1,4,60,13,1,3,3,3,2,0,12,4
10009,10009 - East Village/Stuyvesant Town,36272,5113,88,8155,67,8613,2020,1592,1819,1725,1327,703,722,1179,3983,9144,6892,4291,3629,3833,3647,3877,1516,1990,1249,1292,2379,1303,1125,1112,10009,0,0,0,0,0,0,0,0,0,0,0,0,0,0,0,0,0,0,0,0,0,0,0,0,0,0,0,0,0,0,0,0,0,0,0,0,0,0,0,0,10009,7,10,11,33,339,10,140,9,0,1,1,13,0,0,5,2,0,2,23,0,0,21,5,37,11,4,6,14,60,96,2,6,103,13,4,228,123,3
10010,10010 - Madison Square/Cooper Village,16751,1194,27,3440,0,305,494,975,382,607,213,853,518,349,1514,3543,2594,1564,1208,1633,1183,1218,422,516,219,702,899,458,261,378,10010,0,0,0,0,0,0,0,0,0,0,0,0,4,5,5,6,5,7,10,27,0,0,0,0,0,0,0,0,0,0,0,2,0,2,3,6,6,9,10,45,10010,5,4,1,0,36,27,79,0,0,0,0,14,16,1,0,0,4,1,17,0,0,29,39,8,3,121,5,6,53,45,0,0,4,16,4,35,53,2
10011,10011 - Chelsea,41861,3177,106,5794,2,1736,1566,1812,1855,1429,645,548,498,581,2468,6846,7365,4737,4538,3836,2592,3563,1688,1860,1155,1457,1780,1352,817,820,10011,0,0,0,0,0,0,0,0,0,0,0,0,0,0,0,0,0,0,0,0,0,0,0,0,0,0,0,0,0,0,0,0,0,0,0,0,0,0,0,0,10011,125,88,85,111,192,73,132,15,0,0,1,25,21,0,2,0,3,5,43,0,0,93,75,27,10,83,12,10,182,199,5,4,13,38,7,138,261,4
10012,10012 - Village/Noho/Soho,17980,632,39,4235,11,359,996,776,570,575,301,723,305,296,1735,4191,2950,2014,1601,1316,1507,939,510,884,454,727,727,542,262,347,10012,0,0,0,0,0,0,0,0,0,0,0,0,0,2,6,5,6,7,5,13,0,0,0,0,0,0,0,0,0,0,0,0,2,2,3,6,4,4,7,25,10012,13,16,16,14,243,17,60,4,0,0,1,17,10,0,2,1,0,2,51,1,0,77,62,11,1,77,2,1,122,133,0,0,12,14,2,37,146,7
10013,10013 - Tribeca/Chinatown,16247,1446,42,8148,0,561,1376,1407,1251,977,462,582,652,559,969,3123,2932,2619,2240,1712,1385,1390,835,889,630,699,835,528,392,755,10013,0,0,0,0,0,0,0,0,0,0,0,0,0,0,0,0,0,0,0,0,0,0,0,0,0,0,0,0,0,0,0,0,0,0,0,0,0,0,0,0,10013,37,8,7,6,234,3,71,14,1,0,3,45,22,0,0,0,0,0,58,0,0,152,124,17,0,180,5,13,256,178,5,9,23,11,10,26,117,12
10014,10014 - Greenwich Village,27509,571,81,2081,2,616,644,954,856,570,184,277,147,178,907,5067,4998,3315,1796,2254,2104,1722,852,920,829,984,1076,460,524,532,10014,0,0,0,0,0,0,0,0,0,0,0,2,3,3,6,7,8,8,11,17,0,0,0,0,0,0,0,0,0,0,0,0,0,3,6,5,4,6,10,20,10014,214,191,113,82,188,67,79,4,1,3,1,29,13,0,1,2,2,5,59,3,0,56,16,21,0,52,3,16,105,247,10,1,20,17,5,149,180,6
10016,10016 - Murray Hill,36788,1935,37,9517,0,451,1844,2102,996,935,433,1062,635,768,3493,9379,6897,3017,2676,2648,2804,2815,1044,1384,991,1162,1851,1140,1211,1131,10016,0,0,0,0,0,0,0,0,0,0,0,0,0,0,0,0,0,0,0,0,0,0,0,0,0,0,0,0,0,0,0,0,0,0,0,0,0,0,0,0,10016,47,31,26,24,105,88,168,0,0,0,0,20,39,1,6,1,1,5,11,0,0,47,20,34,4,205,10,6,75,182,2,7,45,11,17,68,103,4
10017,10017 - Grand Central/United Nations,13092,444,4,3874,6,84,418,752,363,185,163,117,80,50,894,3075,2183,1741,1254,892,1112,1201,350,405,459,494,751,590,336,475,10017,0,0,0,0,0,0,0,0,0,0,0,0,0,3,3,4,0,7,6,13,0,0,0,0,0,0,0,0,0,0,0,0,0,0,2,4,4,2,4,14,10017,22,10,4,3,19,3,32,0,0,0,0,5,22,0,0,0,0,0,17,1,0,36,0,9,1,165,3,10,39,28,4,9,8,2,9,5,26,1
10018,10018 - Garment District,4329,572,1,2289,0,201,296,343,76,104,50,146,186,138,651,1395,1300,898,588,415,431,433,117,133,92,69,54,58,10,1,10018,0,0,0,0,0,0,0,0,0,0,0,0,0,0,0,0,0,0,0,0,0,0,0,0,0,0,0,0,0,0,0,0,0,0,0,0,0,0,0,0,10018,0,0,0,0,24,0,14,14,0,2,0,44,36,0,2,0,0,1,25,2,0,43,77,9,2,187,5,1,15,29,6,17,28,3,3,26,21,2
10019,10019 - Midtown/Clinton,27691,2276,201,6451,56,1659,1245,1333,676,612,343,352,199,268,2225,5532,5481,3589,3300,2681,2355,2665,622,1445,887,874,1524,1239,675,701,10019,0,0,0,0,0,0,0,0,0,0,0,0,0,0,0,0,0,0,0,0,0,0,0,0,0,0,0,0,0,0,0,0,0,0,0,0,0,0,0,0,10019,4,4,4,13,165,5,112,13,0,0,1,35,44,2,2,1,1,21,15,1,0,58,8,19,3,135,13,4,80,65,9,6,37,14,6,122,76,5
10020,10020 - Rockefeller Center,140,4,1,39,0,9,0,6,0,2,0,1,0,0,5,21,19,18,10,13,17,16,2,6,10,8,10,11,13,4,10020,0,0,0,0,0,0,0,0,0,0,0,0,0,0,0,0,0,0,0,0,0,0,0,0,0,0,0,0,0,0,0,0,0,0,0,0,0,0,0,0,10020,0,0,0,0,0,0,0,0,0,0,0,0,0,0,0,0,0,0,0,0,0,2,0,0,0,6,0,0,2,0,0,0,0,0,0,0,0,0
10021,10021 - Lenox Hill,85114,2009,330,8503,105,1791,2626,6099,4269,3102,1522,500,323,148,2849,10314,11835,9979,6202,5323,5850,5438,2678,3225,2776,3461,4688,3568,3025,3303,10021,0,0,0,0,0,0,0,0,0,0,0,0,0,0,0,0,0,0,0,0,0,0,0,0,0,0,0,0,0,0,0,0,0,0,0,0,0,0,0,0,10021,189,59,16,5,151,80,114,0,0,0,1,10,7,5,6,1,4,0,6,2,0,30,0,19,3,42,7,0,64,76,6,6,2,23,8,70,171,5
10022,10022 - Sutton Place/Beekman Place,27573,602,61,3592,0,222,395,1603,640,326,288,359,111,119,1179,4539,2518,2215,2540,1784,2065,1656,1011,1050,1204,1323,1743,1516,1395,1261,10022,0,0,0,0,0,0,0,0,0,0,0,0,2,2,6,6,9,16,18,41,0,0,0,0,0,0,0,0,0,0,0,0,2,3,4,5,10,12,16,55,10022,48,22,16,10,102,36,88,0,0,0,0,8,25,0,0,0,0,1,22,2,0,122,5,15,1,170,8,5,71,103,9,5,32,8,12,27,124,3
10023,10023 - Lincoln Center/Ansonia,52752,2384,109,7469,18,1109,1480,4244,2315,1739,607,820,285,507,1657,5732,7020,5963,5111,4612,4223,4391,1720,2250,1516,2141,2987,1977,1312,2193,10023,0,0,0,0,0,0,0,0,0,0,0,0,0,0,0,0,0,0,0,0,0,0,0,0,0,0,0,0,0,0,0,0,0,0,0,0,0,0,0,0,10023,61,30,21,31,186,331,125,0,0,0,0,2,11,0,2,1,0,6,7,0,0,6,0,30,1,26,8,8,86,36,0,2,4,26,1,26,184,0
10024,10024 - Upper West Side,48042,2735,198,4117,0,1730,1492,3247,2264,2472,1336,301,341,172,953,5267,5160,4406,4934,4560,4302,3852,2062,1948,1443,2222,2685,1581,1017,1790,10024,0,0,0,0,0,0,0,0,0,0,3,4,6,8,15,19,23,24,25,63,0,0,0,0,0,0,0,0,0,0,0,4,3,4,9,11,12,23,29,118,10024,109,113,54,99,237,378,159,2,0,0,0,12,16,0,0,1,2,2,8,0,0,11,0,28,3,5,6,5,83,28,0,0,10,35,4,23,328,0
10025,10025 - Cathedral,62101,12080,651,8931,18,7130,4084,4530,3723,4336,2113,2712,1486,1124,4225,9793,6696,5752,6413,6648,7018,5398,2127,4191,2102,3114,4252,2132,2320,2789,10025,0,0,0,0,0,0,0,0,0,0,0,0,0,0,0,0,0,0,0,0,0,0,0,0,0,0,0,0,0,0,0,0,0,0,0,0,0,0,0,0,10025,59,57,42,53,221,147,271,1,0,0,0,16,46,3,4,2,2,2,17,0,0,11,1,36,12,9,2,9,91,11,0,6,31,40,3,144,245,2
10026,"10026 - Central Harlem, South",9242,20796,51,1845,31,3745,1253,2937,1866,1851,988,464,514,654,1999,4061,3776,2496,2727,2449,2941,2310,639,986,605,800,545,512,360,484,10026,2,0,0,0,0,0,0,2,2,2,2,5,9,7,18,11,8,8,7,14,2,0,0,0,0,0,0,0,0,0,2,5,6,5,11,9,12,12,14,30,10026,11,69,122,58,175,74,108,0,0,0,0,9,3,0,2,0,1,0,7,0,0,6,2,25,4,6,5,6,73,13,0,0,44,8,2,147,48,4
10027,10027 - Manhattanville,19699,27040,269,6311,22,9465,2320,3694,3240,2967,1972,3425,1691,1792,5065,7327,5286,4375,4049,3302,4224,3445,1158,1739,996,980,1639,1203,890,667,10027,0,0,0,0,0,0,0,0,0,0,0,0,0,0,0,0,0,0,0,0,0,0,0,0,0,0,0,0,0,0,0,0,0,0,0,0,0,0,0,0,10027,55,214,269,225,270,205,156,18,3,0,3,44,6,0,5,4,3,2,47,1,0,37,11,106,13,26,13,23,65,66,4,1,143,40,6,117,58,2
10028,10028 - Yorkville,41830,696,48,4033,103,437,1005,1944,1979,1817,845,410,121,147,1160,6965,4851,3635,3438,2955,2594,3026,1032,1551,1393,1620,2503,1673,1066,1426,10028,0,0,0,0,0,0,0,0,0,0,0,2,3,4,4,10,10,11,18,43,0,0,0,0,0,0,0,0,0,0,0,2,0,3,6,7,11,13,17,60,10028,109,44,19,16,341,45,134,0,0,0,1,6,1,0,1,1,1,0,13,0,0,18,3,15,2,11,6,1,50,97,3,0,3,14,4,57,188,3
10029,"10029 - East Harlem, South",26767,23058,190,6640,111,19506,2040,3849,4015,4786,3185,2138,1208,1239,4433,8097,6927,5472,5253,4730,4298,4230,1844,2736,1174,1622,2231,2073,1364,1410,10029,0,0,0,0,0,0,0,0,0,0,0,0,0,0,0,0,0,0,0,0,0,0,0,0,0,0,0,0,0,0,0,0,0,0,0,0,0,0,0,0,10029,22,14,71,63,402,22,132,11,0,3,1,68,4,5,6,1,7,0,67,0,1,57,9,56,12,17,8,19,43,182,1,4,126,30,4,111,39,0
10030,"10030 - Central Harlem, Middle",5204,18549,97,673,74,3116,1799,2059,1310,1442,765,862,280,808,1449,3376,2901,2378,2040,2038,2113,1655,592,849,424,393,764,374,208,433,10030,0,0,0,0,0,0,0,0,0,0,3,6,8,13,11,13,10,9,7,10,0,0,0,0,0,0,0,0,2,0,3,5,5,9,8,11,7,10,11,27,10030,87,124,91,92,231,84,66,0,0,0,0,11,1,0,0,1,0,2,9,0,0,4,0,32,4,7,4,14,40,45,0,1,52,9,4,101,15,0
10031,10031 - Hamilton Heights,17295,19765,245,2236,2,10608,10284,2928,2813,2599,2104,1381,990,1170,4041,7007,6350,4305,4300,3965,4208,3058,1180,1596,888,1032,1599,1174,824,922,10031,0,0,0,0,0,0,0,0,0,0,0,0,0,0,0,0,0,0,0,0,0,0,0,0,0,0,0,0,0,0,0,0,0,0,0,0,0,0,0,0,10031,108,215,112,148,294,125,206,3,0,0,0,11,5,0,3,4,1,2,21,0,0,5,1,44,6,8,7,12,31,39,0,6,32,18,4,40,101,2
10032,10032 - South Washington Heights,20951,11974,786,2510,66,22243,5654,3346,2651,2384,1787,1154,809,951,3937,9061,6356,4758,3782,4096,3682,4180,1701,1947,1032,1347,1662,1441,752,1368,10032,0,0,0,0,0,0,3,3,2,0,4,7,11,11,15,21,16,21,21,28,0,0,0,0,0,0,0,0,0,0,2,3,7,8,9,12,14,19,24,75,10032,33,89,54,34,297,20,183,1,0,0,0,29,1,15,9,0,4,0,21,0,0,8,0,23,5,5,10,7,8,16,0,1,33,10,7,44,50,1
10033,10033 - Washington Heights,23941,6171,595,1585,55,23030,4223,3531,2821,2475,1646,1533,962,670,3895,6792,5115,4320,4181,4014,3572,3627,1468,1686,1145,1340,1817,1156,888,947,10033,0,0,0,0,0,0,0,0,0,0,0,0,0,0,0,0,0,0,0,0,0,0,0,0,0,0,0,0,0,0,0,0,0,0,0,0,0,0,0,0,10033,10,27,12,14,263,20,159,1,0,0,0,34,2,0,2,0,3,0,37,0,0,20,0,29,2,10,2,8,5,16,3,1,28,20,2,3,47,1
10034,10034 - Inwood,17104,3995,206,856,59,18607,2425,2861,2043,2374,1290,1273,548,743,2039,3693,4225,3399,2772,3372,2497,2151,1256,1548,834,937,1242,1008,499,652,10034,0,0,0,0,0,0,0,0,0,0,3,3,4,7,8,7,8,9,7,12,0,0,0,0,0,0,0,0,0,0,2,0,5,4,5,8,10,8,12,34,10034,9,11,9,18,200,0,67,5,1,0,2,48,0,2,0,0,1,0,44,0,0,6,0,11,0,9,3,17,3,1,2,13,20,10,5,4,36,3
10035,"10035 - East Harlem, Middle",7734,15558,282,2011,41,8927,1494,2308,2097,2385,1132,881,426,473,1865,3335,3179,2491,2397,2135,2863,2129,818,924,465,891,1050,730,519,556,10035,0,0,0,0,0,0,0,0,0,0,0,0,0,0,0,0,0,0,0,0,0,0,0,0,0,0,0,0,0,0,0,0,0,0,0,0,0,0,0,0,10035,20,48,206,81,122,76,88,27,3,0,6,87,3,2,3,5,8,0,30,1,1,37,23,52,7,36,2,37,34,90,9,5,154,20,9,148,20,16
10036,10036 - Theatre District/Clinton,15851,1838,113,4168,0,1438,479,650,335,136,282,150,308,362,1496,3720,3428,2044,1978,1659,1727,1684,825,642,438,537,712,311,278,183,10036,0,0,0,0,0,0,0,0,0,2,0,4,5,5,11,8,9,11,8,14,0,0,0,0,0,0,0,0,0,0,0,2,2,4,5,4,4,7,5,21,10036,8,9,9,16,128,8,53,13,0,0,2,63,58,0,0,3,6,37,14,2,0,96,17,16,5,130,5,5,48,80,6,3,27,7,7,107,57,3
10037,"10037 - East Harlem, North",2346,14924,33,577,23,1599,1033,1379,1219,1105,673,360,135,207,797,2002,2117,1395,1121,1399,1342,1389,505,667,296,375,593,493,350,617,10037,0,0,0,0,0,0,0,0,0,0,0,0,0,0,0,0,0,0,0,0,0,0,0,0,0,0,0,0,0,0,0,0,0,0,0,0,0,0,0,0,10037,6,15,24,43,57,15,35,4,0,0,0,10,0,2,1,2,0,0,10,0,0,8,2,18,6,0,7,9,11,17,0,0,24,3,1,28,22,2
10038,10038 - South St. Seaport/Chinatown,10764,2078,57,7677,0,970,636,801,546,673,405,1198,277,288,1288,3101,2410,1700,1278,1278,1239,1289,602,623,387,464,624,646,463,603,10038,0,0,0,0,0,0,0,0,0,0,0,0,2,4,3,3,6,7,13,25,0,0,0,0,0,0,0,0,0,0,2,0,0,0,3,4,4,9,12,47,10038,3,2,3,5,28,0,37,1,0,0,0,15,13,1,0,0,0,0,8,2,0,40,18,11,1,46,0,6,48,21,4,6,9,9,4,3,10,11
10039,"10039 - Central Harlem, North",2965,17861,308,314,3,4288,1073,2098,1685,2047,979,771,199,460,1680,2609,2271,1644,1827,1567,1798,1482,495,656,235,355,597,471,511,373,10039,0,0,0,0,0,0,0,0,0,0,0,0,0,0,0,0,0,0,0,0,0,0,0,0,0,0,0,0,0,0,0,0,0,0,0,0,0,0,0,0,10039,0,0,0,2,140,1,34,0,0,0,0,15,1,0,1,0,0,0,4,0,0,4,0,9,4,4,0,10,7,1,5,2,23,2,2,30,9,0
10040,10040 - North Washington Heights,16734,4795,369,1263,12,19225,2419,2393,2037,2113,1201,914,683,652,2247,4619,4062,3409,2786,2990,3002,2471,915,1699,724,895,1685,937,890,1494,10040,0,0,0,0,0,0,2,2,0,2,0,4,5,6,8,11,14,12,13,32,0,0,0,0,0,0,0,0,0,0,0,2,4,5,5,6,9,13,19,81,10040,2,3,4,1,193,2,94,1,0,0,0,8,0,0,1,3,0,0,29,0,0,16,0,9,0,2,1,5,3,6,0,3,10,10,1,0,22,0
10044,10044 - Roosevelt Island,6234,1710,0,3034,0,255,498,669,180,335,289,34,85,54,940,993,1317,1028,741,755,733,673,373,464,283,219,641,345,280,300,10044,0,0,0,0,0,0,0,0,0,0,0,0,0,0,0,0,0,0,0,0,0,0,0,0,0,0,0,0,0,0,0,0,0,0,0,0,0,0,0,0,10044,0,0,0,0,0,0,3,0,0,0,0,0,0,2,0,0,0,0,0,0,0,0,0,0,0,0,0,0,5,0,0,0,3,0,0,0,3,0
10128,10128 - Yorkville,50443,3111,6,5815,8,967,2435,3613,2544,2260,1146,892,304,321,2445,7405,6864,4436,4266,4545,4322,3128,1509,2105,1406,1920,2544,1875,1504,1428,10128,0,0,0,0,0,0,0,0,0,2,2,3,4,8,8,10,11,14,20,39,0,0,0,0,0,0,0,0,0,0,0,2,4,5,11,13,14,17,25,77,10128,172,73,20,9,323,41,119,3,0,0,2,16,2,0,0,1,1,0,11,0,0,13,7,26,1,9,8,5,46,59,1,0,7,33,2,104,215,0
10280,10280 - Battery Park City,11048,219,0,2870,0,257,506,1655,1028,641,260,91,57,8,349,1018,1836,2144,1721,899,1054,518,309,313,257,169,262,66,136,108,10280,0,0,0,0,0,0,0,0,0,0,0,0,0,0,0,0,0,0,0,0,0,0,0,0,0,0,0,0,0,0,0,0,0,0,0,0,0,0,0,0,10280,0,0,0,0,0,0,3,0,0,0,0,0,0,0,0,0,0,0,0,0,0,0,0,0,0,0,1,0,15,0,0,0,0,1,1,0,0,1
10301,10301 - New Brighton/Grymes Hill,22520,11411,88,2555,3,2680,1880,3018,2484,2799,1625,1250,792,757,1675,2238,2645,2865,2696,2833,2996,2781,928,1498,730,969,1240,1061,560,696,10301,0,0,0,0,0,0,0,0,0,0,0,0,0,0,0,0,0,0,0,0,0,0,0,0,0,0,0,0,0,0,0,0,0,0,0,0,0,0,0,0,10301,3921,1847,228,166,40,33,28,8,2,1,3,128,2,0,5,9,3,1,54,0,3,39,0,27,6,79,10,46,12,200,4,12,483,38,14,0,15,30
10302,10302 - Port Richmond,10892,3315,68,1234,2,1587,774,1190,1365,1078,617,497,257,213,735,1940,1347,956,1169,1160,1330,1202,448,470,241,437,379,417,210,213,10302,0,0,0,0,0,0,2,0,0,0,2,5,6,5,6,5,6,4,6,10,0,0,0,0,0,0,0,0,0,0,0,2,3,4,5,3,3,6,6,20,10302,2307,1328,38,29,12,11,2,32,4,2,4,79,0,0,2,2,6,0,100,0,10,33,0,24,3,43,5,3,3,136,2,24,236,4,7,1,0,26
10303,10303 - Mariners Harbour/Point Ivory,7250,8039,67,1262,0,2007,433,1408,1222,1414,1126,616,488,387,890,1622,1274,1010,1324,1412,1209,1154,360,451,255,400,358,250,240,189,10303,0,0,0,0,0,0,0,0,0,0,0,0,0,0,0,0,0,0,0,0,0,0,0,0,0,0,0,0,0,0,0,0,0,0,0,0,0,0,0,0,10303,3272,1253,38,31,6,7,3,54,4,1,13,77,0,0,1,2,3,2,35,1,6,26,0,15,0,30,3,22,15,53,10,67,356,9,4,0,0,30
10304,10304 - Stapleton/Fox Hills,20799,10873,200,3725,16,3352,1293,2245,3220,2408,1824,1183,589,904,1712,2768,2762,2472,2623,2413,2703,2323,1112,1513,805,828,1454,830,763,803,10304,2,0,0,0,0,0,0,0,2,3,7,7,9,16,17,17,14,15,22,31,0,0,0,0,0,0,0,0,0,0,4,5,4,10,12,13,14,16,21,75,10304,6068,1568,124,67,21,15,17,40,1,2,1,93,0,1,1,6,3,0,64,0,1,47,0,33,3,75,14,46,12,155,0,28,498,22,7,1,8,13
10305,10305 - Rosebank,32043,2297,388,4594,17,1682,1042,2474,2455,2480,1363,813,540,537,1670,3183,2978,2809,2896,2970,3055,2885,1362,1704,934,998,1272,902,970,815,10305,0,0,0,0,0,0,0,0,0,0,0,0,0,0,0,0,0,0,0,0,0,0,0,0,0,0,0,0,0,0,0,0,0,0,0,0,0,0,0,0,10305,6553,2311,164,56,21,13,6,15,1,7,1,134,3,3,2,3,2,0,147,0,5,62,0,10,1,94,9,45,21,121,4,43,862,17,11,0,4,19
10306,10306 - New Dorp/Richmondtown,48000,1186,22,2993,0,1193,702,2751,2935,3148,2126,1243,529,783,1954,3340,2963,3136,3836,3794,4028,4253,1476,2022,1059,1555,2436,1589,1468,1669,10306,0,0,0,0,0,0,2,2,2,2,3,6,8,12,17,21,18,25,36,53,0,0,0,0,0,0,0,0,0,0,2,5,8,10,17,14,18,31,42,107,10306,11778,2914,96,55,13,15,4,4,0,1,0,107,1,0,3,3,1,0,162,0,8,62,0,18,8,122,13,72,18,119,1,27,1118,23,12,0,2,17
10307,10307 - Tottenville,14136,31,29,456,0,193,235,826,963,1262,642,310,238,213,690,1082,847,892,1120,1326,1544,807,240,311,306,449,364,253,181,213,10307,0,0,0,0,0,0,0,0,0,0,0,0,0,0,0,0,0,0,0,0,0,0,0,0,0,0,0,0,0,0,0,0,0,0,0,0,0,0,0,0,10307,2227,1380,13,9,2,1,1,8,0,0,1,30,0,0,0,1,0,0,21,0,3,18,0,11,1,10,3,40,3,31,0,30,317,4,6,0,0,12
10308,10308 - Great Kills,27478,74,58,1609,8,241,269,1314,1659,1871,1173,579,359,393,1123,1975,1591,1619,2383,2333,2308,2186,753,1185,579,910,1345,837,627,634,10308,0,0,0,0,0,0,0,0,0,0,0,3,5,6,8,6,13,13,14,22,0,0,0,0,0,0,0,0,0,0,0,3,4,3,3,8,10,13,19,35,10308,5822,1842,24,8,3,4,0,2,0,0,0,32,0,0,0,0,1,0,62,0,4,35,0,7,1,26,7,52,13,44,13,16,244,9,5,0,2,6
10309,10309 - Princes Bay/Woodrow,30154,473,74,1781,0,859,446,1963,2459,2075,1539,520,387,573,1087,2126,2056,2156,2869,2196,2697,2699,863,1246,719,825,1223,706,389,414,10309,0,0,0,0,0,0,0,0,0,0,0,0,0,0,0,0,0,0,0,0,0,0,0,0,0,0,0,0,0,0,0,0,0,0,0,0,0,0,0,0,10309,5261,2957,12,0,0,2,0,85,1,3,8,100,2,1,2,0,2,0,56,1,17,30,0,10,5,53,7,265,11,46,4,13,707,10,6,0,0,51
10310,10310 - West New Brighton,14749,5185,4,1266,0,1759,951,1643,1666,1900,1004,709,314,324,904,1611,1473,1449,1653,1599,1818,1543,610,950,480,495,593,374,467,339,10310,0,0,0,0,0,0,0,0,0,0,0,3,6,7,8,6,7,6,5,15,0,0,0,0,0,0,0,0,0,0,3,2,4,4,4,5,9,12,9,23,10310,3723,1408,48,71,12,8,2,27,2,1,16,150,0,1,2,3,1,0,70,0,2,47,0,30,2,72,5,17,7,119,7,7,173,11,8,2,1,27
10312,10312 - Eltingville/Annadale,56751,579,63,3107,47,597,576,3225,3322,4107,2507,1271,781,683,2485,3406,3758,3915,4406,4793,4464,4647,1606,2462,1683,2063,2715,1496,1072,852,10312,0,0,0,0,0,0,0,0,0,0,0,0,0,0,0,0,0,0,0,0,0,0,0,0,0,0,0,0,0,0,0,0,0,0,0,0,0,0,0,0,10312,13319,3903,24,12,2,2,0,1,0,0,0,54,0,0,1,0,0,0,44,0,11,25,0,20,3,77,6,337,14,74,0,27,854,15,15,0,0,16
10314,10314 - Castleton Corners/New Springvill,64411,3703,73,11669,157,1660,1881,4882,4467,5142,2793,1891,1083,1098,3040,5583,5250,4835,5260,6241,6488,5678,2511,3383,2040,2924,3056,2322,1529,2059,10314,0,0,0,0,0,0,0,2,3,4,6,6,15,13,29,34,35,34,49,85,0,0,0,0,0,0,0,0,0,0,4,4,8,15,22,20,32,36,53,184,10314,12445,6308,104,21,9,11,2,63,4,0,3,95,6,2,1,9,3,0,153,5,26,39,0,44,3,127,9,71,67,125,3,19,530,29,29,0,0,17
10451,10451 - Melrose,5243,17288,259,1099,40,21479,1826,3394,3724,3439,2137,1604,893,689,2196,3802,3439,3046,2737,3307,2841,2486,936,1360,669,966,1335,921,585,727,10451,0,0,0,0,0,2,0,3,5,4,4,7,13,12,17,15,16,16,14,17,2,0,0,0,0,0,0,2,0,0,3,6,9,7,9,14,16,17,24,43,10451,48,67,194,16,94,0,86,61,17,3,22,105,2,1,3,0,1,1,64,0,3,33,2,29,0,43,2,20,10,71,4,26,137,28,9,26,16,17
10452,10452 - Highbridge,8450,24263,159,770,25,39521,2936,6032,6362,6233,3782,2175,1264,1476,3989,5798,5928,4726,5379,5086,4908,4178,1510,1529,931,926,1866,894,642,508,10452,0,0,0,0,0,0,0,0,0,0,0,0,0,0,0,0,0,0,0,0,0,0,0,0,0,0,0,0,0,0,0,0,0,0,0,0,0,0,0,0,10452,74,224,188,24,216,1,219,14,2,0,2,143,2,1,7,1,0,0,96,0,0,12,0,32,5,7,5,54,3,28,0,8,118,21,7,0,24,14
10453,10453 - Morris Heights,8443,25283,593,1282,52,42173,2005,6368,6321,6021,3775,2561,1779,1579,4447,6909,5954,4947,4789,5056,5676,4489,1270,1784,1158,1386,1623,1027,504,408,10453,4,0,0,0,0,0,4,4,3,5,8,14,15,24,24,22,11,8,14,12,2,0,0,0,0,2,2,2,0,4,4,11,10,19,15,15,19,21,15,34,10453,161,691,249,54,222,15,235,10,0,0,2,85,0,1,4,2,0,0,93,0,0,12,0,27,7,14,8,43,3,36,0,4,66,29,6,2,16,7
10454,10454 - Mott Haven/Port Morris,6029,11360,340,278,0,19900,1039,3314,3254,3585,1955,1454,1048,740,2071,2911,2879,3113,2074,2372,2083,1644,570,650,401,404,959,698,500,268,10454,0,0,0,0,0,0,0,0,0,0,0,0,0,0,0,0,0,0,0,0,0,0,0,0,0,0,0,0,0,0,0,0,0,0,0,0,0,0,0,0,10454,218,360,143,14,198,7,73,96,28,3,55,127,1,1,2,0,1,0,46,1,0,19,1,32,4,15,3,24,3,53,5,26,91,17,4,27,3,36
10455,10455 - The Hub/Longwood,4191,14520,247,447,126,25681,1283,4307,4036,3580,2315,1071,887,899,2217,4098,3697,3326,2415,2613,2731,2449,1113,803,659,597,1072,791,453,367,10455,0,0,0,0,0,0,0,2,0,2,3,6,14,11,15,14,13,14,9,11,0,0,0,0,0,0,0,0,0,2,2,5,7,4,8,10,9,12,13,22,10455,140,387,322,38,187,5,74,49,3,0,12,122,1,0,2,0,2,0,90,3,0,39,2,30,15,27,2,22,8,43,0,9,79,17,6,36,13,7
10456,10456 - Morrisania,7766,37165,865,804,0,40938,2547,7679,7410,7356,4457,2682,1595,1929,4706,7309,5696,5472,5294,6137,5548,5155,1809,2110,1407,1525,1969,1041,777,1023,10456,0,0,0,0,0,0,0,0,0,0,0,0,0,0,0,0,0,0,0,0,0,0,0,0,0,0,0,0,0,0,0,0,0,0,0,0,0,0,0,0,10456,292,548,551,79,422,4,144,33,8,2,11,164,0,2,7,4,0,0,75,0,0,12,2,79,17,5,10,43,13,83,0,4,185,27,4,18,27,22
10457,10457 - Tremont/East Tremont,8756,25253,304,1032,52,36581,2584,6740,6163,5736,3993,2512,1245,1370,3546,6317,5289,4886,4703,4844,4661,3974,1091,1263,936,1266,1761,1064,690,512,10457,3,2,0,0,0,0,3,2,2,2,8,17,23,24,24,24,20,21,16,16,2,2,0,0,0,0,0,2,2,3,6,9,11,17,14,15,15,15,22,37,10457,328,671,497,50,323,6,168,60,20,6,21,208,4,5,7,4,2,0,98,0,0,34,1,78,14,20,6,38,3,88,0,10,157,37,13,7,41,35
10458,10458 - Belmont/Fordham/Bedford Park,15638,16805,368,2655,69,43464,3524,6719,5813,6274,3660,3935,2687,1928,4249,7187,6174,5341,5503,4875,4815,3795,1470,2183,1156,1128,1517,1028,547,541,10458,0,0,0,0,0,0,0,0,0,0,0,0,0,0,0,0,0,0,0,0,0,0,0,0,0,0,0,0,0,0,0,0,0,0,0,0,0,0,0,0,10458,230,602,391,73,574,5,170,14,5,2,1,132,3,1,2,2,2,0,126,3,0,52,0,41,10,24,5,23,4,135,0,8,67,21,8,5,28,9
10459,10459 - Longwood/Morrisania,5715,15538,294,512,0,24770,1309,3913,3785,3741,2285,1758,836,783,2470,4378,3281,3204,2728,3054,2715,2573,781,1361,540,833,987,1050,597,485,10459,2,2,0,0,0,2,3,2,3,3,5,5,14,19,14,14,18,11,10,16,2,0,0,0,0,0,0,0,0,2,3,7,9,7,6,10,13,10,14,28,10459,350,680,449,91,208,15,102,20,6,1,3,107,4,0,7,2,1,1,75,0,0,17,0,61,13,4,6,30,15,81,0,3,134,18,4,59,27,9
10460,10460 - West Farms/Crotona,7906,17337,109,1084,0,31228,1496,5088,4395,4387,2957,1886,728,783,3288,5448,4101,3771,2851,4321,4337,2835,1133,1355,747,1066,1681,1130,416,456,10460,0,0,0,0,0,0,0,0,0,0,0,0,0,0,0,0,0,0,0,0,0,0,0,0,0,0,0,0,0,0,0,0,0,0,0,0,0,0,0,0,10460,237,877,562,130,240,15,131,28,18,1,6,134,1,0,1,3,1,0,72,0,2,18,1,37,10,14,7,46,4,64,0,15,149,20,8,2,25,14
10461,10461 - Westchester/Morris Park,23455,4493,252,5364,6,13796,2116,3141,2346,2836,1598,736,772,607,2014,3928,4226,3692,3254,3960,3416,3137,1179,1157,888,1049,1538,1297,1344,1366,10461,0,0,0,0,0,0,2,0,3,0,5,7,11,13,15,16,15,24,29,43,0,0,0,0,0,0,0,0,0,2,2,2,7,10,8,13,15,19,29,81,10461,2181,2741,909,277,128,11,54,52,20,8,15,219,1,7,4,4,6,0,157,0,0,61,0,23,6,110,11,11,7,192,0,22,223,21,6,1,8,15
10462,10462 - Parkchester/Van Nest,18351,21464,458,9689,0,26200,3597,5381,5474,4628,2721,1749,1210,957,3769,7013,6857,6217,5211,4717,5733,5234,1637,2348,1207,1560,2216,1574,1345,1003,10462,0,0,0,0,0,0,0,0,0,0,0,0,0,0,0,0,0,0,0,0,0,0,0,0,0,0,0,0,0,0,0,0,0,0,0,0,0,0,0,0,10462,687,1984,693,175,128,5,73,33,9,4,1,154,0,0,1,2,2,0,142,0,0,30,0,37,3,40,11,13,8,193,0,16,161,19,15,0,25,13
10463,10463 - Kingsbridge (full),30825,11594,446,2877,85,22156,3758,5043,4644,3623,2226,1367,1316,890,2172,5698,6050,4687,4477,4957,3904,4388,1618,2363,1845,2080,2333,2134,1576,2351,10463,0,0,0,0,0,0,0,2,0,2,5,6,10,15,23,24,24,33,34,96,0,0,0,0,0,0,0,0,0,2,2,5,7,7,18,19,19,28,53,204,10463,NA,NA,NA,NA,NA,NA,NA,NA,NA,NA,NA,NA,NA,NA,NA,NA,NA,NA,NA,NA,NA,NA,NA,NA,NA,NA,NA,NA,NA,NA,NA,NA,NA,NA,NA,NA,NA,NA
10464,10464 - City Island,3068,27,0,205,0,719,15,144,93,409,105,46,88,51,187,43,256,175,217,274,456,152,121,187,231,101,364,170,62,102,10464,0,0,0,0,0,0,0,0,0,0,0,0,0,0,0,0,0,0,0,0,0,0,0,0,0,0,0,0,0,0,0,0,0,0,0,0,0,0,0,0,10464,808,253,38,19,6,0,2,8,1,2,1,27,0,0,0,0,0,0,27,0,0,12,0,7,1,7,6,19,5,46,4,1,146,2,4,0,4,24
10465,10465 - Throgs Neck/Country Club,27245,5249,67,1500,8,9463,1447,2554,2681,2316,1415,1566,928,768,1858,2655,2445,3053,2783,2868,3277,3034,1374,1734,1058,1254,1606,1444,937,1373,10465,0,0,0,0,0,0,0,0,3,2,3,5,9,11,15,15,15,19,23,35,0,0,0,0,0,0,0,0,0,0,2,3,5,6,7,12,16,19,31,102,10465,3830,2890,544,83,7,1,8,16,2,0,0,83,1,0,1,1,1,1,61,0,1,17,0,16,4,38,17,24,26,57,0,3,338,12,20,0,2,51
10466,10466 - Wakefield,6970,50741,526,1858,89,9170,1781,4435,4183,4806,3045,2087,1149,1314,3607,5369,4145,4114,4821,5136,5287,4785,1619,2228,1045,2171,2079,1428,1293,990,10466,0,0,0,0,0,0,0,0,0,0,0,0,0,0,0,0,0,0,0,0,0,0,0,0,0,0,0,0,0,0,0,0,0,0,0,0,0,0,0,0,10466,2773,3806,1233,245,128,3,40,34,12,2,8,174,2,1,3,2,0,0,130,0,1,25,0,45,8,29,6,8,1,104,0,8,325,20,13,1,4,20
10467,10467 - Norwood/Williamsbridge,20479,36573,738,6410,7,34332,4263,8742,7233,6620,3762,2632,1534,1702,4823,8816,8507,7157,6370,6602,6667,4959,2495,2824,1412,2120,2785,2066,1509,1464,10467,3,0,0,0,0,2,4,5,7,10,11,14,19,29,26,26,33,29,29,51,2,2,0,0,0,0,0,2,2,4,6,12,15,14,21,24,26,24,38,109,10467,578,1682,728,236,317,3,234,14,1,1,1,99,2,15,14,8,10,0,167,0,0,38,0,57,7,43,6,15,9,174,0,6,138,29,7,1,29,12
10468,10468 - University Heights,10431,15254,611,2703,0,42569,3355,6577,5151,4573,2904,1764,1495,1141,4343,7034,6149,4920,4615,4744,5135,4358,1498,1687,881,1334,1769,962,1093,796,10468,0,0,0,0,0,0,0,0,0,0,0,0,0,0,0,0,0,0,0,0,0,0,0,0,0,0,0,0,0,0,0,0,0,0,0,0,0,0,0,0,10468,218,333,144,29,315,6,168,15,0,0,1,56,3,1,0,7,1,1,83,0,0,17,0,25,6,10,1,29,2,43,0,8,39,22,4,11,22,2
10469,10469 - Williamsbridge/Baychester,12831,39679,613,3799,127,12358,2040,3863,4256,4447,3378,1955,1228,1107,3122,4784,4682,4470,4879,4982,5481,4072,1647,2363,1472,1584,2419,2081,1534,1641,10469,0,0,0,0,0,3,2,2,2,2,3,6,9,14,23,22,31,32,39,56,0,0,0,0,0,0,0,0,0,2,2,4,6,15,16,18,21,30,44,127,10469,4292,4905,960,144,47,2,7,14,5,1,2,173,4,0,1,10,2,0,116,0,2,30,0,49,9,35,7,8,4,137,1,22,302,15,13,1,1,9
10470,10470 - Woodlawn/Wakefield,6921,5478,1,522,0,1598,248,954,768,713,399,191,114,240,734,1427,991,965,918,1138,982,1055,286,531,205,381,498,505,380,391,10470,0,0,0,0,0,0,0,0,0,0,0,0,0,0,0,0,0,0,0,0,0,0,0,0,0,0,0,0,0,0,0,0,0,0,0,0,0,0,0,0,10470,686,907,243,53,58,3,21,24,8,3,1,71,1,0,0,0,0,0,37,0,0,23,0,15,3,13,2,10,0,49,0,13,74,3,3,0,8,5
10471,10471 - Riverdale/Fieldston,15394,1800,47,1587,0,2338,683,1562,1026,926,499,1098,615,302,513,1424,1406,1307,1353,1479,1041,1183,598,888,528,756,840,805,647,1054,10471,0,0,0,0,0,0,0,0,0,0,0,0,3,3,6,7,9,9,17,53,0,0,0,0,0,0,0,0,0,0,0,0,0,4,5,3,6,13,22,146,10471,1251,398,112,9,17,1,19,0,0,0,0,26,2,0,0,6,1,0,31,0,1,7,0,15,7,11,4,13,4,22,0,4,321,27,7,0,33,3
10472,10472 - Soundview,12033,19596,614,4012,0,29088,3623,5646,5445,4747,3091,1972,1158,1042,3490,6057,5392,4963,3984,5023,3403,3379,1167,1709,874,1540,1847,1509,618,914,10472,0,0,0,0,0,0,0,0,0,0,0,0,0,0,0,0,0,0,0,0,0,0,0,0,0,0,0,0,0,0,0,0,0,0,0,0,0,0,0,0,10472,362,1541,1042,696,142,3,62,13,1,0,2,99,0,0,3,2,1,0,96,0,0,15,0,32,1,7,3,6,1,75,0,6,83,12,2,0,9,7
10473,10473 - Clasons Point,22029,24530,262,1295,0,11682,1976,3602,3735,4796,2544,1784,954,1312,3365,4517,3681,3706,3559,4082,4576,3940,1585,1861,1324,1367,1988,1662,898,937,10473,0,0,0,0,0,0,4,2,3,2,6,6,10,18,17,20,24,21,19,27,0,0,0,0,0,0,0,0,0,2,5,5,10,10,13,17,23,23,23,56,10473,1320,2071,693,49,20,5,32,19,2,1,3,92,0,0,2,1,0,0,42,0,3,10,0,22,6,8,6,48,9,44,0,3,225,11,16,0,7,7
10474,10474 - Hunts Point,1575,4223,43,54,43,6441,421,965,1091,1024,720,350,182,207,787,1063,1327,885,749,948,891,392,146,217,172,180,219,64,112,107,10474,0,0,0,0,0,0,0,0,0,0,0,0,0,0,0,0,0,0,0,0,0,0,0,0,0,0,0,0,0,0,0,0,0,0,0,0,0,0,0,0,10474,6,206,125,36,50,1,21,164,102,4,42,159,0,0,0,0,0,0,18,0,0,9,0,9,5,10,2,9,1,8,1,14,115,7,7,15,4,70
10475,10475 - Co-op City/Eastchester,6795,28547,143,515,0,7056,1972,1893,2334,2008,1382,1093,938,464,2238,2105,1871,2598,2913,3736,2903,3204,1413,1847,1354,1250,2534,2086,1358,1506,10475,0,0,0,0,0,0,0,0,0,0,4,5,6,11,22,18,16,16,25,43,0,0,0,0,0,0,0,0,0,0,2,4,4,10,11,10,20,27,32,86,10475,173,188,89,3,0,0,5,43,0,3,0,65,3,0,0,2,1,0,18,1,4,11,0,4,5,8,0,10,1,9,0,7,147,4,5,0,3,8
11370,11370 - Jackson Heights-Rikers Island (Bronx only),NA,NA,NA,NA,NA,NA,NA,NA,NA,NA,NA,NA,NA,NA,NA,NA,NA,NA,NA,NA,NA,NA,NA,NA,NA,NA,NA,NA,NA,NA,11370,0,0,0,0,0,0,0,0,0,0,0,0,0,0,0,0,0,0,0,0,0,0,0,0,0,0,0,0,0,0,0,0,0,0,0,0,0,0,0,0,11370,1184,1594,1073,52,8,2,2,4,2,0,0,25,5,0,0,0,0,0,14,0,2,10,0,5,2,8,1,13,14,39,7,0,26,3,4,0,1,6
11001,11001 - Floral Park,1741,75,4,2335,0,135,35,224,239,176,111,39,46,14,205,297,232,217,314,276,357,447,64,277,88,148,210,157,96,91,11001,0,0,0,0,0,0,0,0,0,0,0,0,0,0,0,0,0,0,0,0,0,0,0,0,0,0,0,0,0,0,0,0,0,0,0,0,0,0,0,0,11001,988,165,24,0,0,1,0,1,0,0,0,16,1,0,0,0,0,0,6,0,0,5,0,0,0,3,0,0,0,6,0,1,25,1,0,0,0,0
11004,11004 - Glen Oaks,6810,842,32,5244,0,287,532,710,517,457,295,192,147,244,625,927,1024,645,605,963,957,1129,419,651,269,543,586,506,478,858,11004,0,0,0,0,0,0,0,0,0,0,0,0,0,0,0,0,0,0,0,0,0,0,0,0,0,0,0,0,0,0,0,0,0,0,0,0,0,0,0,0,11004,2247,90,26,0,0,0,1,0,0,0,0,5,0,1,1,1,0,0,23,0,1,8,0,7,0,18,3,4,0,21,0,3,15,2,1,0,16,0
11005,11005 - North Shore Towers,2383,299,0,675,0,98,103,207,144,67,51,40,0,74,122,172,219,198,125,240,276,308,105,111,64,119,144,196,171,405,11005,0,0,0,0,0,0,0,0,0,0,0,0,0,0,0,0,0,0,0,0,0,0,0,0,0,0,0,0,0,0,0,0,0,0,0,0,0,0,0,0,11005,0,0,0,0,0,0,0,0,0,0,0,0,0,0,0,0,0,0,0,0,0,0,0,0,0,0,0,0,0,0,0,0,0,0,0,0,1,0
11040,11040 - New Hyde Park,1009,100,0,828,0,33,122,117,70,58,37,23,21,27,102,141,157,94,71,153,180,166,62,116,58,87,95,64,88,106,11040,0,0,0,0,0,0,0,0,0,0,0,0,0,0,0,0,0,2,3,5,0,0,0,0,0,0,0,0,0,0,0,0,0,0,0,0,0,0,3,21,11040,520,41,1,0,0,0,0,0,0,0,0,3,0,0,0,1,0,0,9,0,0,2,0,1,1,3,0,0,0,5,0,0,6,0,0,0,3,0
11101,11101 - Long Island City/Hunters Point,16433,4153,180,6904,32,3102,1471,2047,1270,1066,547,646,393,348,1223,4241,4577,3190,2562,2484,1762,1279,880,845,383,541,653,753,262,323,11101,0,0,0,0,0,0,2,0,0,2,2,0,6,5,6,7,6,7,4,9,0,0,0,0,0,0,0,0,0,0,0,3,3,4,5,4,4,9,8,14,11101,107,378,185,208,117,5,47,369,269,8,261,383,33,1,1,0,2,9,57,0,3,76,11,23,2,141,10,14,40,211,1,53,203,25,17,10,0,31
11102,11102 - Old Astoria,19713,3722,137,5625,30,4118,1051,1736,1308,1448,962,502,480,378,1802,4960,4485,3102,2183,1921,2226,1703,670,631,624,699,912,543,478,644,11102,0,0,0,0,0,0,0,0,0,0,0,0,0,0,0,0,0,0,0,0,0,0,0,0,0,0,0,0,0,0,0,0,0,0,0,0,0,0,0,0,11102,156,892,603,331,261,3,78,39,16,0,16,98,0,3,0,1,3,0,31,0,0,23,0,20,1,23,13,18,30,242,1,10,64,4,3,6,3,12
11103,11103 - Astoria,25567,1070,96,5560,53,3060,1073,1490,999,1279,759,537,222,385,2090,6091,5220,3207,2404,2022,2145,1930,634,904,579,658,1014,806,637,467,11103,0,0,0,0,0,0,0,0,0,2,2,3,4,3,6,5,8,10,11,18,0,0,0,0,0,0,0,0,0,0,0,0,0,2,4,3,5,9,11,36,11103,399,1180,1044,635,311,1,33,51,20,2,6,76,1,0,0,0,0,0,122,0,0,113,0,12,0,50,9,2,13,363,0,6,52,6,7,6,6,3
11104,11104 - Sunnyside,17970,619,68,6290,0,2389,899,1492,1265,1106,713,373,231,265,835,2939,3071,2801,2791,1953,1887,1620,720,866,597,617,757,622,414,302,11104,0,0,0,0,0,0,0,0,0,0,0,0,0,0,0,0,0,0,0,0,0,0,0,0,0,0,0,0,0,0,0,0,0,0,0,0,0,0,0,0,11104,411,548,221,172,101,1,54,8,6,0,4,68,1,0,0,0,0,0,40,0,0,15,0,7,0,8,1,4,12,70,0,0,31,5,1,0,35,0
11105,11105 - Steinway,27550,797,109,4882,0,2613,1012,1817,1422,1281,843,492,289,420,2172,5037,4895,3277,2220,2571,2171,2182,757,875,598,709,736,853,717,629,11105,0,0,0,0,0,0,0,0,0,0,2,4,4,4,7,8,7,12,14,24,0,0,0,0,0,0,0,0,0,0,0,0,3,0,3,4,6,11,22,48,11105,971,2409,958,284,120,29,9,84,27,0,5,84,0,0,1,0,0,0,62,0,2,44,0,17,0,32,8,10,6,269,0,26,64,7,5,0,1,13
11106,11106 - Ravenswood,22064,2823,101,7498,22,4810,1781,1947,1645,1283,718,519,445,195,1953,5359,4670,4224,3012,2570,2252,1871,704,864,767,902,1220,723,559,697,11106,0,0,0,0,0,0,0,0,0,0,0,0,0,0,0,0,0,0,0,0,0,0,0,0,0,0,0,0,0,0,0,0,0,0,0,0,0,0,0,0,11106,201,928,559,376,236,2,57,79,50,0,53,113,1,1,4,1,1,2,51,0,1,61,0,18,2,28,7,10,20,225,0,3,55,14,3,12,8,11
11201,11201 - Brooklyn Heights/Cobble Hill,37407,7862,30,6537,108,3250,2956,4021,2447,1505,950,1404,693,765,2062,6548,8549,5901,4828,3813,2955,2605,1143,1544,655,1147,1648,947,939,1080,11201,0,0,0,0,0,0,0,0,0,0,0,0,0,0,0,0,0,0,0,0,0,0,0,0,0,0,0,0,0,0,0,0,0,0,0,0,0,0,0,0,11201,371,470,324,235,333,5,89,32,1,2,22,96,17,4,12,2,0,3,72,3,0,129,15,37,5,101,7,41,160,373,18,20,90,40,14,0,256,16
11203,11203 - East Flatbush,3807,70181,100,1323,11,2403,1080,4824,4723,4545,3028,1889,1139,1025,3356,5784,5229,4597,5425,4913,5378,5455,1885,2876,1675,2183,3333,2539,1489,1620,11203,3,2,0,0,0,2,4,0,2,4,9,10,12,18,26,25,27,28,29,33,3,0,0,0,0,0,0,0,2,0,5,7,13,10,17,19,29,29,35,80,11203,3827,4254,900,543,154,4,43,70,13,5,16,206,1,7,4,5,1,0,145,0,0,56,0,80,1,34,11,7,13,409,0,1,117,49,8,1,7,25
11204,11204 - Parkville/Bensonhurst,50311,690,126,25380,0,4870,1063,7081,6221,5741,3457,1716,1140,811,3003,6026,6195,5559,5474,4736,4727,4944,1928,2827,1966,1698,2069,1813,1505,1804,11204,0,0,0,0,0,0,0,0,0,0,0,0,0,0,0,0,0,0,0,0,0,0,0,0,0,0,0,0,0,0,0,0,0,0,0,0,0,0,0,0,11204,2062,4180,1270,828,138,0,51,30,5,4,4,48,0,0,1,2,2,0,132,1,0,89,0,82,1,50,7,3,145,658,0,23,80,57,5,1,15,8
11205,11205 - Fort Greene,21393,14310,67,3300,5,4130,1310,4168,3789,2928,1405,1454,986,928,2128,4086,4592,3622,2923,2316,2006,1778,828,807,597,738,839,705,492,399,11205,0,0,0,0,0,0,2,3,0,3,2,6,5,9,10,11,14,13,10,12,2,0,0,0,0,0,0,0,0,0,0,5,5,6,8,9,14,11,11,24,11205,107,576,528,319,153,28,73,127,22,3,77,185,1,2,6,2,0,0,50,0,0,21,3,47,2,25,6,7,185,326,0,0,252,34,7,18,37,32
11206,11206 - Williamsburg/Bedford-Stuyvesant,38388,24587,636,5993,53,13627,3217,7205,7310,6173,3622,2219,1161,1145,5778,9995,7560,6070,4120,4289,4353,4032,1427,1818,1344,1566,1949,1630,1037,697,11206,0,0,0,0,0,0,0,0,0,0,0,0,0,0,0,0,0,0,0,0,0,0,0,0,0,0,0,0,0,0,0,0,0,0,0,0,0,0,0,0,11206,93,925,706,486,315,9,117,173,63,12,93,257,6,1,8,2,5,0,92,1,0,82,17,70,1,31,2,30,216,448,0,6,254,35,6,32,23,134
11207,11207 - East New York,13275,60104,364,1255,101,14792,1983,6696,6321,6470,4234,2497,1725,1561,5112,8356,6425,5617,5622,6240,6263,5826,1996,2248,1389,1840,2181,1377,1005,871,11207,4,3,0,0,0,2,7,5,3,6,10,16,21,26,31,30,27,25,25,28,3,2,0,0,0,0,0,0,3,4,7,12,20,22,22,26,24,30,30,72,11207,2105,4151,1612,708,168,15,48,118,32,6,78,471,5,0,9,6,5,0,113,0,6,82,0,128,33,30,9,75,16,575,0,45,538,43,14,94,6,145
11208,11208 - Cypress Hills,24735,53752,299,5875,114,12127,2442,8227,7939,6576,4674,2793,1573,1752,5003,8168,7310,6712,6290,6591,6778,5583,2415,2703,1439,1332,2440,1226,932,887,11208,0,0,0,0,0,0,0,0,0,0,0,0,0,0,0,0,0,0,0,0,0,0,0,0,0,0,0,0,0,0,0,0,0,0,0,0,0,0,0,0,11208,1765,5205,1629,485,126,16,13,110,48,5,22,299,3,0,10,5,4,1,90,1,0,64,0,89,5,16,7,46,6,558,0,17,507,30,19,4,3,85
11209,11209 - Bay Ridge,50087,1342,169,8977,19,3922,1934,4281,3655,2709,1658,1182,505,663,2385,5802,5753,4636,4546,4760,4941,4173,1723,2397,1454,1901,2634,1802,1460,1431,11209,2,0,0,0,0,0,2,0,2,2,3,8,13,16,18,16,30,25,34,59,0,0,0,0,0,0,0,0,0,2,2,4,6,9,14,15,16,22,39,113,11209,2949,2901,504,263,184,3,101,2,0,0,0,67,2,0,1,2,0,0,57,10,1,83,0,35,5,81,7,6,47,938,0,2,73,23,10,0,107,1
11210,11210 - Vanderveer,20006,38840,54,2898,0,2681,1282,4426,4577,4774,2850,2000,1264,1032,2577,4856,4158,3952,4883,4077,4209,4243,1779,2050,1343,1425,2076,1400,905,905,11210,0,0,0,0,0,0,0,0,0,0,0,0,0,0,0,0,0,0,0,0,0,0,0,0,0,0,0,0,0,0,0,0,0,0,0,0,0,0,0,0,11210,5150,1995,309,33,74,1,71,29,1,0,7,68,1,2,5,1,2,0,78,0,1,60,0,66,4,46,4,3,7,377,0,19,86,35,8,1,27,9
11211,11211 - Williamsburg,76434,6220,338,5297,28,8494,2472,10101,6279,5127,2954,1903,796,1158,5002,14702,12944,8905,5873,4420,4117,3656,1270,2162,1375,1446,1496,1236,880,1482,11211,0,0,0,0,0,0,0,4,3,3,3,4,5,11,16,12,11,15,18,36,2,0,0,0,0,0,0,2,0,2,2,3,0,8,8,9,10,11,25,67,11211,173,839,1030,653,419,3,163,129,24,8,67,183,3,0,5,2,5,1,67,0,0,80,0,96,6,42,12,24,229,901,2,2,146,35,11,67,61,41
11212,11212 - Brownsville,4873,73419,264,1343,0,6184,1480,7098,5404,6606,3792,2559,1353,1151,3781,7446,6469,5422,5774,6097,5669,4806,1759,2382,1443,2229,2266,1680,1226,1153,11212,0,0,0,0,0,0,0,0,0,0,0,0,0,0,0,0,0,0,0,0,0,0,0,0,0,0,0,0,0,0,0,0,0,0,0,0,0,0,0,0,11212,1588,1466,498,1289,234,5,65,63,5,1,35,143,1,1,4,3,6,0,168,0,1,134,0,76,11,22,9,37,2,361,0,17,258,33,7,8,5,44
11213,11213 - Brower Park/Crown Heights,13118,44915,204,1385,0,3944,1741,4908,4194,4136,2789,1765,1099,1279,3219,5903,5039,4190,3974,3878,4477,4030,1413,1847,875,1269,1685,1343,805,1190,11213,4,0,0,0,0,0,2,2,3,2,5,9,14,18,16,22,18,22,20,25,0,2,0,0,0,0,0,0,2,3,3,7,12,17,17,13,24,23,21,62,11213,695,1978,549,326,407,22,86,19,2,1,6,93,4,3,5,0,1,0,55,0,3,39,0,102,6,15,5,15,24,431,0,2,119,31,8,1,24,18
11214,11214 - Bath Beach/Bensonhurst,47659,1242,182,32827,4,7471,1233,5788,5097,4723,3071,1410,1036,1196,3203,7522,6791,6356,6413,5838,6634,6281,1977,3105,1898,2305,3010,2330,1994,2637,11214,0,0,0,0,0,0,0,0,0,0,0,0,0,0,0,0,0,0,0,0,0,0,0,0,0,0,0,0,0,0,0,0,0,0,0,0,0,0,0,0,11214,1016,3857,2136,777,169,1,59,22,0,3,2,128,1,0,2,3,2,1,197,0,1,114,0,29,5,43,15,15,129,548,1,0,178,22,7,0,32,13
11215,11215 - Park Slope/Windsor Terrace,53765,3336,183,5388,0,4509,4035,5644,4212,2798,1601,480,290,413,3004,7899,8733,8120,6115,4918,3683,3487,1416,1804,1341,1471,1567,950,596,674,11215,0,0,0,0,0,0,0,0,0,0,3,4,4,6,14,11,14,14,15,32,0,0,0,0,0,0,0,0,0,0,3,2,3,5,8,5,11,15,17,61,11215,857,3102,1590,665,619,5,43,126,24,4,66,170,4,2,8,0,3,1,66,0,0,70,2,51,4,43,12,15,258,743,0,11,131,26,11,8,352,27
11216,11216 - Bedford-Stuyvesant,13559,36840,190,2570,13,2440,1935,3007,2478,2394,1744,880,770,629,3775,8534,5944,4494,3948,3333,3561,3382,1149,1703,914,886,1455,1050,770,748,11216,0,0,0,0,0,0,0,0,0,0,0,0,0,0,0,0,0,0,0,0,0,0,0,0,0,0,0,0,0,0,0,0,0,0,0,0,0,0,0,0,11216,361,1808,1239,682,618,94,59,16,6,0,23,89,3,0,4,7,4,1,82,0,0,58,1,78,7,22,9,8,49,525,0,0,194,19,5,10,32,18
11217,11217 - Park Slope/Gowanus,21959,6839,77,2693,0,4309,1797,2746,1474,1442,819,316,238,254,1345,4673,5270,4025,2927,2556,1773,1878,832,1099,744,795,947,543,457,521,11217,0,0,0,0,0,0,0,2,0,2,2,4,4,9,7,10,14,13,10,16,0,0,0,0,0,0,0,0,0,0,0,3,6,4,8,9,10,11,12,41,11217,223,1024,718,344,249,77,22,55,12,1,51,99,6,1,3,4,3,4,50,0,1,45,7,39,7,39,6,34,146,489,0,3,89,17,12,6,153,15
11218,11218 - Kensington/Windsor Terrace,45097,6568,306,14149,0,8706,2764,7212,6096,5644,2895,1605,1040,685,3094,6513,6541,6285,5139,4252,4493,4009,1540,2574,1333,1477,1728,1285,1029,1121,11218,0,0,0,0,0,0,0,0,0,0,0,0,0,0,0,0,0,0,0,0,0,0,0,0,0,0,0,0,0,0,0,0,0,0,0,0,0,0,0,0,11218,1377,2658,937,383,126,3,80,55,11,5,18,141,2,0,2,6,2,0,104,0,0,48,0,39,5,27,11,13,93,534,0,3,77,37,11,0,72,22
11219,11219 - Borough Park,61447,1125,232,22675,0,6044,901,11239,8974,7619,4340,1918,1532,1305,4367,7547,6539,4986,5158,4034,4437,4282,1728,2208,1687,1645,1617,1440,1411,2411,11219,2,0,0,0,0,2,2,0,2,3,2,4,7,12,16,17,14,22,32,87,0,0,0,0,0,0,0,0,0,0,0,3,8,6,11,8,13,20,35,153,11219,407,3081,1989,607,176,0,73,104,11,15,37,126,3,5,3,4,5,0,99,0,1,157,1,132,7,106,9,5,394,844,0,22,158,74,3,2,19,14
11220,11220 - Sunset Park,27553,2624,532,41691,15,27201,2716,8378,7636,6317,3082,2449,1207,1375,4127,10735,8988,8682,7494,6437,6426,5061,2165,2406,1402,1911,1958,1584,1440,1072,11220,0,0,0,0,0,0,0,0,0,0,0,0,0,0,0,0,0,0,0,0,0,0,0,0,0,0,0,0,0,0,0,0,0,0,0,0,0,0,0,0,11220,602,3986,1296,818,349,4,26,166,13,18,24,156,1,1,10,1,3,1,78,0,0,129,0,60,10,59,11,19,67,956,2,18,94,22,7,16,28,9
11221,11221 - Bushwick/Bedford-Stuyvesant,23962,44274,736,3060,5,8157,2435,5828,4667,4810,3177,2165,1489,1452,5509,9603,7164,5821,4670,5345,5002,4444,1431,1896,1375,1571,1854,1441,1022,893,11221,0,2,0,0,0,0,4,5,5,6,9,20,27,26,25,23,30,28,21,25,0,0,0,0,0,0,0,0,0,4,4,9,15,17,19,20,23,25,28,67,11221,391,3930,1976,809,436,14,59,37,2,1,25,187,3,0,3,3,11,0,74,0,0,44,4,118,7,15,9,21,20,546,0,2,353,29,7,1,28,53
11222,11222 - Greenpoint,30350,1240,138,2249,9,1849,1370,1493,1042,1003,577,478,368,300,1559,6211,6237,3914,2525,2213,1860,2108,667,1134,681,654,686,467,493,534,11222,0,0,0,0,0,0,0,0,0,0,0,0,0,0,0,0,0,0,0,0,0,0,0,0,0,0,0,0,0,0,0,0,0,0,0,0,0,0,0,0,11222,182,1014,976,763,440,2,26,315,82,10,136,193,2,0,1,0,0,16,53,0,2,26,9,35,3,45,12,9,90,602,2,5,67,6,6,84,20,76
11223,11223 - Gravesend/Homecrest,50747,3289,380,17753,165,5342,1546,6683,5039,4386,3236,1721,1041,777,3262,6878,5529,4925,4924,4677,4859,4889,1970,2309,1687,1964,2636,2473,1471,1885,11223,0,0,0,0,0,0,0,2,2,3,3,6,11,15,21,17,22,33,37,67,0,0,0,0,0,0,0,0,2,0,3,4,6,12,10,12,20,26,44,116,11223,2487,4364,1405,372,66,3,58,26,9,1,15,124,0,0,6,1,1,1,198,0,0,82,0,45,2,75,19,10,45,638,0,19,232,36,3,1,19,18
11224,11224 - Coney Island,22738,9534,91,3198,18,3793,1182,2132,2333,2108,1351,883,499,675,1292,2713,1809,2344,2197,2079,2687,2710,1340,1830,1229,1534,1787,2051,1416,1559,11224,0,0,0,0,0,0,0,0,0,0,0,0,0,0,0,0,0,0,0,0,0,0,0,0,0,0,0,0,0,0,0,0,0,0,0,0,0,0,0,0,11224,1214,509,163,126,33,7,70,17,4,0,9,156,0,0,2,4,2,0,58,0,1,22,0,22,6,8,28,19,13,88,2,14,225,9,11,1,9,26
11225,11225 - Crown Heights,13739,41687,167,1425,82,2775,1188,4157,3225,3555,1939,1083,841,767,3190,6381,6013,4490,3702,3437,3754,3603,1404,2130,1103,1493,1897,1036,1036,826,11225,0,0,0,0,0,0,0,0,3,4,4,9,13,9,14,16,16,17,14,22,0,0,0,0,0,0,0,0,0,2,3,4,7,10,15,16,19,16,22,55,11225,1200,1163,254,161,258,9,135,12,1,0,5,46,0,0,3,0,1,0,32,0,0,28,0,32,3,17,2,4,30,394,0,12,68,30,8,1,20,5
11226,11226 - Flatbush,13014,70178,150,3833,11,10782,3312,7152,6373,6317,3869,2187,1400,1508,4682,9761,8672,7494,6815,6143,6335,5580,2495,3245,1967,2196,2595,1838,1458,1199,11226,0,0,0,0,0,0,0,0,0,0,0,0,0,0,0,0,0,0,0,0,0,0,0,0,0,0,0,0,0,0,0,0,0,0,0,0,0,0,0,0,11226,1124,1359,675,169,403,8,291,15,2,0,4,84,0,0,4,3,5,1,146,1,0,125,0,69,7,29,7,4,14,672,0,18,60,24,4,0,37,4
11228,11228 - Dyker Heights,26435,384,123,16174,33,2045,373,3138,2491,2431,1735,1022,419,564,1600,3150,3507,3116,3308,3207,3096,2982,1112,1667,931,1141,1515,1113,1151,1169,11228,0,0,0,0,0,0,0,0,2,0,0,3,7,10,10,12,13,15,24,42,0,0,0,0,0,0,0,0,0,0,0,3,4,3,8,7,10,13,24,87,11228,2419,3513,1078,162,33,0,3,0,0,1,4,34,0,1,1,1,0,0,35,0,0,44,0,12,3,33,5,3,41,375,0,0,41,10,2,1,5,0
11229,11229 - Homecrest/Madison,56201,4244,32,16080,106,3344,1565,5116,4618,4715,2847,1616,1018,967,3191,5572,5201,5287,4850,5435,5528,6271,2146,3528,2022,2247,3112,2512,1564,2211,11229,0,0,0,0,0,0,0,0,0,0,0,0,0,0,0,0,0,0,0,0,0,0,0,0,0,0,0,0,0,0,0,0,0,0,0,0,0,0,0,0,11229,6184,3558,477,111,63,3,109,3,1,0,0,138,0,0,9,3,2,0,166,0,0,97,0,53,4,110,23,24,64,362,1,9,387,31,28,1,48,43
11230,11230 - Midwood,59982,7144,472,11704,0,5452,1593,7708,6834,6132,3610,1894,1269,1354,3716,6369,5630,4989,4960,4564,4930,5100,1988,2866,1892,2050,2504,2071,1662,2254,11230,0,0,0,0,0,0,0,0,3,2,3,5,7,16,21,22,19,28,39,94,2,0,0,0,0,0,0,0,0,0,3,5,5,12,13,14,21,21,44,152,11230,3231,2432,608,185,132,1,155,16,8,2,11,84,1,0,5,8,2,1,140,0,0,63,0,79,8,62,5,9,53,454,0,30,118,48,5,0,61,10
11231,11231 - Carroll Gardens/Red Hook,25262,4926,132,2015,0,3516,1950,2948,2218,1569,995,546,234,225,1041,2876,5048,3944,3141,2855,1979,2340,860,1043,478,617,1103,593,638,510,11231,0,0,0,0,0,0,0,0,0,0,0,0,0,0,0,0,0,0,0,0,0,0,0,0,0,0,0,0,0,0,0,0,0,0,0,0,0,0,0,0,11231,251,850,979,735,208,10,19,174,12,2,105,213,2,0,3,0,2,1,31,0,1,17,3,23,2,32,5,30,124,501,5,5,315,11,24,1,79,82
11232,11232 - Industry City/Sunset Park,11168,1414,305,6166,32,9900,1488,1818,2216,1498,923,581,394,449,1691,3519,3351,2689,2158,2295,1874,1280,518,750,475,379,712,409,295,200,11232,0,0,0,0,0,0,0,2,0,0,2,3,3,5,7,4,4,3,7,7,0,0,0,0,0,0,0,0,0,0,0,0,2,2,3,2,4,3,6,13,11232,124,854,422,277,156,1,8,289,40,42,43,149,9,0,4,0,1,1,35,0,0,53,5,14,1,40,5,5,33,225,7,16,41,12,4,9,28,20
11233,11233 - Stuyvesant Heights,4811,55547,188,1249,0,6293,1488,5338,4906,4594,2857,1528,1110,1223,3718,5790,5483,4884,4569,4700,4801,3564,1128,1771,1122,1501,1912,1352,844,879,11233,0,0,0,0,0,0,0,0,0,0,0,0,0,0,0,0,0,0,0,0,0,0,0,0,0,0,0,0,0,0,0,0,0,0,0,0,0,0,0,0,11233,191,3290,2001,647,365,6,41,20,3,2,11,177,2,2,2,2,1,0,43,0,0,31,0,119,8,8,4,39,33,453,0,3,430,22,7,8,15,41
11234,11234 - Flatlands/Mill Basin,41596,45754,75,5143,11,3413,1364,5547,6133,6730,3788,2289,1335,1023,3818,6292,6355,5698,6248,6734,6855,7060,2573,4203,2371,2641,3498,2461,1591,2112,11234,0,0,0,0,0,2,2,4,2,2,5,8,11,15,22,27,25,30,34,67,0,2,0,0,0,0,0,0,0,2,4,4,9,17,18,23,17,35,38,120,11234,10564,6406,930,43,12,3,7,36,2,1,14,176,0,1,3,2,1,0,207,0,7,94,0,35,2,117,12,31,19,273,5,10,240,17,11,0,16,42
11235,11235 - Sheepshead Bay/Brighton Beach,63884,2354,308,12105,43,2632,1821,4741,4354,3617,2251,1336,746,816,2767,5401,5615,5135,5383,5339,6058,5491,2217,3598,2444,3043,3206,3697,2613,3278,11235,0,0,0,0,0,0,0,0,0,0,0,0,0,0,0,0,0,0,0,0,0,0,0,0,0,0,0,0,0,0,0,0,0,0,0,0,0,0,0,0,11235,2104,3179,857,196,55,46,119,10,1,1,3,76,4,1,3,9,0,2,205,0,1,87,0,34,1,128,12,25,173,304,4,12,203,29,7,0,75,18
11236,11236 - Canarsie,5458,86163,454,2665,0,3003,1095,5697,5564,6600,4090,2732,1675,1583,4543,7340,6540,5906,6719,6832,7545,7279,2567,3725,1978,2311,2902,1829,1414,1468,11236,4,2,0,0,0,0,2,2,4,3,4,7,19,16,20,27,22,26,19,45,2,0,0,0,0,0,2,0,5,4,6,9,13,18,21,23,22,32,33,89,11236,2918,8813,1462,119,14,0,9,104,14,3,25,200,0,0,4,13,5,0,125,0,11,46,0,54,1,62,7,35,28,209,0,40,233,31,12,0,3,56
11237,11237 - Bushwick,27032,9494,372,3878,0,9519,1632,3404,3065,3351,1880,1237,793,915,4099,7061,5754,4498,3568,2956,2631,2085,744,698,558,579,873,497,355,325,11237,0,0,0,0,0,0,0,0,0,0,0,0,0,0,0,0,0,0,0,0,0,0,0,0,0,0,0,0,0,0,0,0,0,0,0,0,0,0,0,0,11237,114,788,539,1336,214,1,19,170,67,7,65,165,1,1,5,0,0,2,72,0,0,48,7,24,4,18,2,18,24,518,0,12,60,13,14,2,2,83
11238,11238 - Prospect Heights,23946,22562,89,3470,14,2647,3022,3363,2351,2033,1084,619,566,605,2600,7187,7549,5544,4355,3383,2615,3104,1099,1680,1076,1150,1402,783,750,848,11238,0,0,0,0,0,0,0,3,0,0,4,6,6,11,10,15,16,16,17,23,0,0,0,0,0,0,0,0,2,2,3,6,4,9,11,10,13,14,21,62,11238,207,1095,871,540,443,66,93,39,9,1,45,171,4,0,5,5,5,2,54,0,0,30,7,76,4,15,10,42,151,465,1,15,275,21,5,23,131,22
11239,11239 - Starrett City,3821,7388,165,326,0,389,299,583,589,664,377,193,284,119,267,812,632,681,593,538,946,711,265,527,464,412,807,763,552,609,11239,0,0,0,0,0,0,0,0,0,0,0,0,0,0,0,0,0,0,0,0,0,0,0,0,0,0,0,0,0,0,0,0,0,0,0,0,0,0,0,0,11239,178,123,19,0,0,0,9,0,0,0,0,7,0,0,1,1,0,0,12,0,1,0,0,0,0,0,0,0,2,0,0,0,24,2,0,0,0,0
11354,11354 - Flushing,12968,1981,119,34804,38,5582,1867,2839,2523,2479,1343,725,574,451,2531,4754,4282,3749,3691,3972,5117,4861,1467,2364,1277,1546,1886,1804,1235,1889,11354,0,0,0,0,0,0,0,2,0,2,2,5,8,14,15,17,22,28,27,73,0,0,0,0,0,0,0,0,2,0,3,3,4,7,12,11,13,21,40,154,11354,2080,982,620,54,72,7,59,111,15,2,20,143,18,1,1,9,0,2,208,1,5,166,0,54,3,71,10,18,97,154,5,8,146,18,15,0,39,12
11355,11355 - Flushing/Murray Hill,10330,2762,302,58779,49,6325,2086,3833,3796,3419,2306,1352,942,773,3427,6946,5146,5650,5712,6800,6747,5790,2013,2926,1634,2255,2859,2386,1991,1929,11355,0,0,0,0,0,0,0,0,0,0,0,0,0,0,0,0,0,0,0,0,0,0,0,0,0,0,0,0,0,0,0,0,0,0,0,0,0,0,0,0,11355,2628,2442,639,68,68,2,119,17,8,3,2,102,0,2,2,3,1,0,103,0,0,53,0,60,6,45,5,10,102,189,0,3,102,13,4,1,51,8
11356,11356 - College Point,9197,589,184,7905,29,6321,863,1859,1576,1300,1030,594,421,259,1088,1698,2024,1490,1621,1793,1864,1532,720,874,621,383,843,570,469,459,11356,0,0,0,0,0,0,0,0,0,0,2,3,5,6,3,4,4,5,6,12,0,0,0,0,0,0,0,0,0,0,0,2,2,2,2,0,4,4,7,19,11356,1435,2165,292,81,6,2,0,78,76,4,29,77,1,0,0,0,0,1,36,0,8,32,0,13,1,26,10,22,16,105,1,6,194,7,8,0,0,14
11357,11357 - Whitestone,27872,242,94,9251,0,1764,887,2460,2072,2085,1285,705,352,417,1051,2197,2479,2484,2606,2980,2727,3021,1034,1537,984,1341,2205,1488,1365,1235,11357,0,0,0,0,0,0,0,0,0,0,0,0,0,0,0,0,0,0,0,0,0,0,0,0,0,0,0,0,0,0,0,0,0,0,0,0,0,0,0,0,11357,6705,1991,287,43,4,1,1,10,10,0,7,79,1,0,0,2,3,0,77,0,2,45,0,16,0,43,8,12,7,64,1,5,242,10,9,0,55,5
11358,11358 - Auburndale,16572,516,61,17561,0,2923,1083,1985,1776,1892,1137,581,450,552,1277,3119,2627,2712,2635,2619,3412,3127,1174,1450,917,1042,1451,1146,896,736,11358,0,0,0,0,0,0,0,0,2,0,3,3,5,6,6,8,10,13,15,31,0,0,0,0,0,0,0,0,0,0,0,0,2,3,4,5,8,7,15,49,11358,5409,1838,435,105,58,4,5,9,2,0,1,65,0,0,0,2,0,0,132,0,1,49,0,31,3,56,8,7,16,216,0,7,96,10,8,0,21,3
11360,11360 - Bay Terrace,12532,337,51,4732,0,1086,332,861,983,796,400,288,178,146,570,876,936,1264,1469,1252,1372,1434,441,904,559,689,919,722,875,1135,11360,0,0,0,0,0,0,0,0,0,0,0,0,0,0,0,0,0,0,0,0,0,0,0,0,0,0,0,0,0,0,0,0,0,0,0,0,0,0,0,0,11360,1490,686,160,39,0,0,4,0,0,0,0,3,0,1,0,0,0,0,0,0,4,0,0,6,0,8,3,14,6,21,0,1,37,2,1,0,21,0
11361,11361 - Bayside,14657,660,0,11806,0,1405,762,1419,1440,1469,1027,623,341,284,927,2098,2183,2159,2067,1966,2280,2244,777,1159,660,666,1175,757,666,903,11361,0,0,0,0,0,0,0,0,0,0,0,3,3,4,5,4,5,9,7,21,0,0,0,0,0,0,0,0,0,0,0,0,2,4,0,4,5,7,11,65,11361,3910,1487,307,57,24,18,1,5,0,0,2,71,3,0,0,1,4,0,103,0,2,37,0,30,6,56,3,12,7,97,0,10,94,11,5,0,20,6
11362,11362 - Little Neck,9161,430,0,7301,0,315,579,1035,903,663,611,333,77,128,522,1318,816,1146,1282,922,1515,1464,609,735,475,616,844,369,546,858,11362,0,0,0,0,0,0,0,0,0,0,0,0,0,0,0,0,0,0,0,0,0,0,0,0,0,0,0,0,0,0,0,0,0,0,0,0,0,0,0,0,11362,2721,338,22,13,0,1,0,0,0,0,0,12,0,0,1,2,0,0,25,0,2,11,0,11,1,24,4,12,11,48,1,3,120,3,2,0,18,0
11363,11363 - Douglaston,4726,94,0,2338,0,406,328,413,417,636,242,157,84,41,197,427,397,455,581,442,836,674,130,285,209,206,442,261,112,248,11363,0,0,0,0,0,0,0,0,0,0,0,0,0,0,0,0,0,0,0,0,0,0,0,0,0,0,0,0,0,0,0,0,0,0,0,0,0,0,0,0,11363,1638,171,44,16,2,0,2,0,0,0,0,36,0,0,0,0,0,0,13,0,0,3,0,4,0,9,2,52,2,19,0,9,144,4,3,0,4,4
11364,11364 - Oakland Gardens/Bayside Hill,14869,1096,37,17522,59,737,962,1788,1809,1879,1321,410,428,270,1105,1820,2265,2324,2563,2908,2725,2682,1353,1170,1105,1303,1363,1039,603,1048,11364,0,0,0,0,0,0,0,0,0,0,0,0,0,0,0,0,0,0,0,0,0,0,0,0,0,0,0,0,0,0,0,0,0,0,0,0,0,0,0,0,11364,4530,1149,95,1,0,6,0,1,0,1,0,6,0,0,0,2,1,0,26,0,1,11,0,19,0,17,2,28,5,30,0,2,44,10,3,0,27,2
11365,11365 - Fresh Meadows,14524,1548,181,19911,0,4116,1328,2848,2094,2341,1113,796,536,516,1585,3110,2452,2371,3068,3083,3820,3231,1017,1730,786,1081,1257,722,888,1161,11365,0,0,0,0,0,0,0,0,0,2,0,4,5,7,10,8,8,11,13,42,0,0,0,0,0,0,0,0,0,0,0,2,3,5,5,5,9,10,21,61,11365,4608,1150,280,21,9,9,8,7,0,0,1,21,2,0,2,0,0,0,23,1,1,10,0,14,1,38,2,8,25,38,0,4,59,9,3,0,8,4
11366,11366 - Utopia/Fresh Meadows,7414,808,27,6398,0,470,476,988,860,778,534,359,225,279,735,976,907,958,1106,896,1233,1066,379,698,433,373,665,363,386,396,11366,0,0,0,0,0,0,0,0,0,0,0,0,0,0,0,0,0,0,0,0,0,0,0,0,0,0,0,0,0,0,0,0,0,0,0,0,0,0,0,0,11366,2737,699,18,29,0,6,0,0,0,0,0,11,0,1,0,2,0,0,53,0,0,10,0,12,0,16,1,1,3,24,0,5,15,7,2,0,1,2
11367,11367 - Kew Garden Hills,25605,4859,106,10725,0,1775,1944,4109,2999,2195,1207,1353,751,788,1976,3966,3052,2669,2908,1983,2482,3125,1525,1667,1176,1127,1515,1006,637,797,11367,0,0,0,0,0,0,0,0,0,0,2,3,4,8,11,7,9,12,10,34,0,0,0,0,0,0,0,0,0,0,2,3,2,4,7,5,7,10,15,43,11367,3494,753,203,14,1,24,5,0,0,0,0,47,0,0,0,0,0,0,43,0,2,7,0,24,1,18,2,2,3,46,0,0,37,24,0,0,43,2
11368,11368 - Corona,47872,13897,1087,13062,0,36172,2758,10603,8322,7539,4016,2444,1715,1756,5637,11669,10395,10180,8809,6677,5656,5418,2090,2172,1510,1879,2262,1849,1012,1237,11368,0,0,0,0,0,0,0,0,0,0,0,0,0,0,0,0,0,0,0,0,0,0,0,0,0,0,0,0,0,0,0,0,0,0,0,0,0,0,0,0,11368,608,2356,2195,899,196,6,46,52,17,4,26,241,4,0,3,2,1,0,172,0,0,140,0,72,4,26,7,17,70,547,0,6,160,13,6,0,13,38
11369,11369 - East Elmhurst,8891,5713,56,4836,0,14777,1280,2261,1853,1871,1451,847,611,723,1819,2778,2938,2197,2516,2663,2322,2184,944,844,778,895,947,792,684,635,11369,0,0,0,0,0,0,2,0,3,0,0,3,5,4,8,8,8,9,9,19,2,0,0,0,0,0,0,0,0,0,2,0,3,3,5,6,7,9,15,45,11369,2064,2216,511,96,14,3,1,5,4,0,4,67,8,0,2,2,0,0,30,0,0,31,0,24,2,10,4,7,1,70,0,0,128,7,3,0,4,12
11370,11370 - Jackson Heights-Rikers Island(Queens only),13293,465,253,8335,0,5378,617,1611,1336,1595,1068,637,475,279,1431,2097,1881,1923,2262,2080,2116,1928,698,866,564,626,711,888,692,576,11370,0,0,0,0,0,0,0,0,0,0,0,0,0,0,0,0,0,0,0,0,0,0,0,0,0,0,0,0,0,0,0,0,0,0,0,0,0,0,0,0,11370,0,0,0,0,0,0,0,0,0,0,0,0,0,0,0,0,0,0,0,0,0,0,0,0,0,0,0,0,0,0,0,0,0,0,0,0,0,0
11372,11372 - Jackson Heights,40017,1639,144,14058,143,9000,1704,3811,3439,3154,1546,1294,749,747,2489,5771,6325,4973,5162,5463,4826,3904,1524,2183,1142,1760,3036,1247,1006,1154,11372,0,0,0,0,0,0,0,0,2,3,5,5,9,11,9,16,16,18,23,33,0,0,0,0,0,0,0,0,0,0,0,2,7,5,9,10,8,13,21,76,11372,569,727,329,117,109,3,101,4,0,0,0,22,0,0,2,1,3,0,241,0,0,67,0,15,0,64,2,3,14,169,0,2,11,11,2,0,166,1
11373,11373 - Elmhurst,32263,2345,487,48869,7,14876,2388,6381,5725,4547,2882,1753,1138,1333,4284,8472,9421,8221,8230,6951,6427,6876,2415,3234,2227,2417,2932,2226,1684,1457,11373,0,0,0,0,0,0,0,0,0,0,0,0,0,0,0,0,0,0,0,0,0,0,0,0,0,0,0,0,0,0,0,0,0,0,0,0,0,0,0,0,11373,1514,1881,2204,280,136,9,105,13,3,3,3,100,4,1,3,1,3,1,143,1,8,55,0,44,3,52,6,13,90,274,2,9,132,18,9,0,45,3
11374,11374 - Rego Park,25997,1461,71,12224,16,2308,1256,2432,1947,1344,969,549,455,298,1316,3412,3583,3190,2932,2854,2983,3645,1155,2098,922,1414,1808,1656,980,1391,11374,0,0,0,0,0,0,0,0,0,0,2,3,4,6,10,11,15,20,24,51,0,0,0,0,0,0,0,0,0,0,0,2,3,4,5,9,12,16,27,82,11374,1811,813,204,28,12,1,71,3,0,0,1,24,1,0,0,1,1,0,86,1,1,14,0,12,1,27,3,4,28,61,0,10,33,9,1,0,53,2
11375,11375 - Forest Hills,46029,2292,268,19341,56,2511,2399,5052,3940,3168,1543,857,364,422,1749,4708,6114,6533,6021,5122,4720,5032,2033,2312,1625,2293,2642,2076,2146,2426,11375,0,0,0,0,0,0,0,0,0,0,0,0,0,0,0,0,0,0,0,0,0,0,0,0,0,0,0,0,0,0,0,0,0,0,0,0,0,0,0,0,11375,4670,1064,154,39,39,2,88,4,0,0,0,104,1,2,1,4,0,2,100,0,2,42,0,26,3,39,10,6,32,160,0,8,107,21,5,1,142,1
11377,11377 - Woodside,43794,2008,255,31789,10,7209,2667,4828,4814,4465,2377,1546,1230,946,3462,7750,8478,8167,6803,6302,5918,5274,1725,2461,1823,1833,2762,1964,1537,1266,11377,3,0,0,0,0,0,2,0,3,2,6,6,9,13,15,16,18,23,23,44,3,0,0,0,0,0,0,0,0,0,2,4,7,9,8,11,13,18,28,87,11377,1749,2618,1542,516,160,2,62,157,105,0,22,290,6,0,1,2,1,0,124,0,4,59,0,59,1,50,7,26,35,273,0,41,191,17,9,0,32,25
11378,11378 - Maspeth,24655,585,80,3548,26,3105,794,1945,1887,1858,1331,649,345,371,1194,2181,2955,2226,2362,2413,2262,2439,976,1078,632,630,1028,734,515,781,11378,0,0,0,0,0,0,0,0,0,0,0,0,0,0,0,0,0,0,0,0,0,0,0,0,0,0,0,0,0,0,0,0,0,0,0,0,0,0,0,0,11378,2487,3250,723,182,20,1,3,281,95,7,27,258,3,0,0,2,0,0,38,0,0,34,0,15,1,50,7,28,7,290,0,17,259,13,7,0,2,39
11379,11379 - Middle Village,24186,263,22,1933,0,1154,688,1231,1592,1510,723,480,295,263,706,1728,1898,1908,2122,2139,2012,2059,805,1172,715,904,1310,1082,793,798,11379,0,0,0,0,0,0,0,0,2,2,2,2,8,6,9,7,15,14,24,36,0,0,0,0,0,0,0,0,0,0,0,0,4,6,5,7,8,13,21,75,11379,4350,2939,803,61,24,3,2,16,11,2,8,67,0,0,0,1,0,0,44,0,1,34,0,11,0,28,6,11,18,121,0,14,89,8,6,0,1,17
11385,11385 - Ridgewood/Glendale,85318,2410,238,7100,46,6970,2146,6822,6649,5831,3778,2308,1482,1315,5238,9583,8564,8812,7048,7110,7079,6771,2221,3336,1792,1859,2127,1822,1364,1321,11385,0,0,0,0,0,0,0,0,0,0,0,0,0,0,0,0,0,0,0,0,0,0,0,0,0,0,0,0,0,0,0,0,0,0,0,0,0,0,0,0,11385,0,0,0,0,0,0,0,0,0,0,0,0,0,0,0,0,0,0,0,0,0,0,0,0,0,0,0,0,0,0,0,0,0,0,0,0,0,0
11411,11411 - Cambria Heights,434,18237,60,164,0,462,446,873,902,1031,739,274,213,338,883,1078,1138,1211,1496,1276,1578,1495,663,625,490,736,1158,723,494,390,11411,0,0,0,0,0,0,0,0,0,0,0,2,3,4,4,4,6,5,7,11,0,0,0,0,0,0,0,0,0,0,0,0,0,2,3,3,5,4,8,20,11411,4587,621,9,2,0,3,0,0,0,0,0,10,0,0,3,0,0,0,42,0,0,6,0,19,0,9,3,1,0,18,0,6,23,8,1,0,0,1
11412,11412 - St. Albans,875,33079,166,867,14,1302,1356,2522,2297,2316,1495,967,643,509,1780,2392,2538,1998,2335,2815,2966,2996,992,1172,778,900,1052,836,657,703,11412,0,0,0,0,0,0,0,0,0,0,0,0,0,0,0,0,0,0,0,0,0,0,0,0,0,0,0,0,0,0,0,0,0,0,0,0,0,0,0,0,11412,5976,2044,59,8,9,5,1,11,1,0,2,26,0,0,4,0,0,0,62,0,0,33,0,55,0,18,6,2,0,248,0,5,134,13,7,0,0,3
11413,11413 - Springfield Gardens/Laurelton,1240,40153,98,542,117,1237,849,2604,2524,2789,2082,1201,536,607,2089,3267,2816,2904,2664,3159,3591,2616,1011,1467,738,1320,1682,1215,716,639,11413,0,0,0,0,0,0,0,0,0,0,0,5,5,5,6,7,8,10,11,16,0,0,0,0,0,0,0,0,0,0,0,3,3,4,5,6,7,9,10,30,11413,6491,2557,87,9,4,5,0,46,1,2,0,74,0,0,0,1,0,0,67,0,1,10,0,37,1,14,2,7,0,57,0,37,294,10,5,0,1,9
11414,11414 - Howard Beach,22194,509,0,1160,0,2840,1260,1466,1592,1567,851,495,279,366,660,1374,1286,2188,1848,2118,1918,1969,835,1242,795,972,1028,1119,789,1206,11414,0,0,0,0,0,0,0,0,0,0,0,0,0,0,0,0,0,0,0,0,0,0,0,0,0,0,0,0,0,0,0,0,0,0,0,0,0,0,0,0,11414,3504,1362,186,33,2,0,0,2,0,0,0,82,2,0,1,1,0,0,37,0,3,23,0,7,1,19,2,60,14,52,0,17,487,6,21,0,20,19
11415,11415 - Kew Gardens,12049,1419,70,3931,0,2437,728,1364,1176,1159,722,294,188,246,675,1688,1777,1790,1483,1607,1162,1221,660,627,435,540,586,390,395,448,11415,0,0,0,0,0,0,0,0,0,0,0,2,2,3,4,4,7,4,7,13,0,0,0,0,0,0,0,0,0,0,0,0,0,2,2,4,3,2,8,22,11415,617,227,159,29,30,1,41,4,0,0,0,23,0,0,1,0,0,0,10,0,0,8,0,9,2,12,0,3,11,38,0,8,27,5,2,1,28,4
11416,11416 - Ozone Park/Woodhaven,7493,1505,86,8601,43,6857,1511,1733,1631,1747,1217,625,518,382,1445,2024,1789,1934,1680,1826,1795,1788,514,884,482,466,555,487,299,276,11416,0,0,0,0,0,0,0,0,0,0,0,0,0,0,0,0,0,0,0,0,0,0,0,0,0,0,0,0,0,0,0,0,0,0,0,0,0,0,0,0,11416,0,0,0,0,0,0,0,0,0,0,0,0,0,0,0,0,0,0,0,0,0,0,0,0,0,0,0,0,0,0,0,0,0,0,0,0,0,0
11417,11417 - Ozone Park,11988,2289,69,8796,5,6500,1791,1918,1810,2102,1217,791,690,432,1488,2372,2070,1967,2325,2567,2490,2383,741,796,673,721,643,447,364,431,11417,0,0,0,0,0,0,0,0,0,0,0,4,8,8,6,8,8,9,8,16,0,0,0,0,0,0,0,0,0,0,0,0,2,3,2,6,6,8,9,23,11417,2342,2388,305,78,14,0,0,23,5,0,8,107,4,0,0,0,0,0,44,0,4,64,0,8,0,18,2,33,7,174,0,49,216,6,10,0,0,12
11418,11418 - Richmond Hill,14875,2704,287,9948,0,8303,2176,2624,2509,2546,1666,1011,621,592,1741,3412,3102,2555,2461,3080,2519,2197,904,1106,605,723,838,716,389,377,11418,0,0,0,0,0,0,0,0,0,0,0,0,0,0,0,0,0,0,0,0,0,0,0,0,0,0,0,0,0,0,0,0,0,0,0,0,0,0,0,0,11418,1665,2027,465,110,41,2,12,59,46,1,4,93,0,1,7,18,2,0,60,0,0,63,0,25,3,42,8,1,9,357,0,38,62,16,4,0,10,9
11419,11419 - South Richmond Hill,6601,8511,509,15575,0,16232,3327,2851,2452,3087,2174,1316,907,839,2696,4535,3558,3319,3584,3900,4137,3572,1361,1564,919,1073,1124,948,432,408,11419,0,0,0,0,0,0,3,2,2,3,4,6,4,10,13,9,11,10,10,13,0,0,0,0,0,0,0,0,0,3,3,3,2,3,4,6,8,8,11,22,11419,3234,2958,412,65,18,3,1,16,4,1,5,70,0,0,1,0,0,0,103,0,1,111,0,32,2,51,3,2,0,387,0,1,77,4,2,0,1,8
11420,11420 - South Ozone Park,8263,13009,839,12957,72,13376,3433,2931,2996,3515,2111,1349,893,1029,2613,4032,3261,3146,3904,3552,4555,3577,1420,1465,816,1101,1576,1058,500,550,11420,0,0,0,0,0,0,0,0,0,0,0,0,0,0,0,0,0,0,0,0,0,0,0,0,0,0,0,0,0,0,0,0,0,0,0,0,0,0,0,0,11420,4936,3492,187,29,6,1,0,8,0,0,3,77,2,0,1,0,0,0,48,0,1,43,0,38,3,23,4,11,2,191,0,14,214,16,2,0,0,12
11421,11421 - Woodhaven,21414,1950,309,8920,0,9007,2468,3094,2670,2509,1668,1050,621,712,2428,3302,3209,2981,3054,3229,3128,3288,1204,1219,822,811,1278,878,403,510,11421,0,0,0,0,0,0,0,0,0,0,0,4,6,9,9,8,11,9,11,17,0,0,0,0,0,0,0,0,0,2,0,3,4,5,6,7,8,9,9,31,11421,2553,2563,467,59,29,6,6,5,1,0,3,45,0,0,0,0,1,0,45,0,0,44,0,12,2,19,6,2,2,317,0,14,42,5,2,1,4,4
11422,11422 - Rosedale,2118,29262,24,513,0,784,841,2098,1843,2161,1393,800,620,433,1567,2691,2521,2165,1795,2373,2856,2553,784,1142,583,809,1099,582,307,365,11422,0,0,0,0,0,0,0,0,0,0,0,0,0,0,0,0,0,0,0,0,0,0,0,0,0,0,0,0,0,0,0,0,0,0,0,0,0,0,0,0,11422,3821,2284,209,1,0,1,0,8,0,0,1,50,1,0,1,0,0,0,57,0,0,24,0,10,0,12,4,31,3,44,1,9,211,8,7,0,3,29
11423,11423 - Hollis/Holliswood,3783,11730,273,8345,0,3960,1667,1628,1298,1777,1081,818,471,401,1449,2202,1981,1672,1956,2237,2349,2293,717,1126,633,920,1055,627,421,645,11423,2,0,0,0,0,0,0,0,0,0,0,3,4,6,8,10,9,9,12,16,0,0,0,0,0,0,0,0,0,0,0,3,3,5,7,6,6,12,11,31,11423,3442,1114,153,20,10,9,15,21,1,2,0,53,0,1,5,2,1,0,37,0,1,19,0,24,2,18,1,2,1,157,0,9,81,8,4,0,6,4
11426,11426 - Bellerose,8168,828,53,8789,0,1429,578,1622,1096,894,553,525,224,309,858,1611,1642,982,1076,1147,1550,1514,411,925,381,582,727,469,215,532,11426,0,0,0,0,0,0,0,0,0,0,0,0,0,0,0,0,0,0,0,0,0,0,0,0,0,0,0,0,0,0,0,0,0,0,0,0,0,0,0,0,11426,3501,686,38,6,0,1,1,5,0,0,0,21,1,1,1,0,1,0,42,0,1,13,0,9,0,18,3,1,1,39,0,1,78,6,1,0,6,0
11427,11427 - Queens Village/Creedmoor,6520,5483,57,7316,15,2367,1390,1475,1005,1102,767,496,361,280,1029,1234,1579,1517,1645,1771,1560,1803,842,1085,642,601,753,598,457,546,11427,2,0,0,0,0,0,0,0,0,0,2,2,5,4,6,6,6,6,6,14,0,0,0,0,0,0,0,0,0,0,2,3,3,2,4,4,4,8,9,34,11427,3238,729,88,7,2,18,1,0,0,0,0,17,0,4,1,2,0,0,14,0,1,17,0,8,0,5,1,7,0,53,0,2,44,4,1,0,9,0
11428,11428 - Queens Village,4264,3904,9,5689,62,3388,2014,949,1026,1000,799,479,343,232,849,1490,1166,1399,1293,1534,1738,1393,616,602,488,488,648,368,250,181,11428,0,0,0,0,0,0,0,0,0,0,0,0,0,0,0,0,0,0,0,0,0,0,0,0,0,0,0,0,0,0,0,0,0,0,0,0,0,0,0,0,11428,3208,677,38,7,5,5,2,2,0,0,2,33,1,0,1,0,0,0,29,0,1,48,0,25,0,32,2,0,0,167,0,2,35,6,3,0,1,1
11429,11429 - Queens Village (South),1166,20682,115,864,46,2918,951,1120,1312,1672,1051,650,416,459,1351,1953,1914,1640,1908,1911,2104,2060,829,694,495,744,1093,603,422,342,11429,0,0,0,0,0,0,0,2,0,0,0,3,4,4,6,8,8,9,6,12,0,0,0,0,0,0,0,0,0,0,0,3,2,4,5,4,7,8,11,24,11429,4100,1194,37,28,2,4,1,11,5,2,4,70,1,0,1,0,1,0,43,0,0,14,0,25,2,11,5,4,0,97,1,9,105,6,5,0,0,3
11430,11430 - JFK Airport,228,8,0,18,0,19,11,9,22,13,8,3,3,4,10,16,14,16,21,19,18,26,11,13,10,11,9,10,10,7,11430,0,0,0,0,0,0,0,0,0,0,0,0,0,0,0,0,0,0,0,0,0,0,0,0,0,0,0,0,0,0,0,0,0,0,0,0,0,0,0,0,11430,0,0,0,0,0,0,0,0,0,0,0,3,2,0,0,0,0,0,0,0,0,0,0,0,1,0,0,2,0,0,0,2,5,0,1,0,0,0
11432,11432 - Jamaica/Hillcrest,14447,10226,326,27118,0,10130,2597,4423,3710,4098,2178,3276,1205,1037,2855,4623,4761,4308,4293,3998,4099,4212,1219,2072,972,1663,2108,1447,1166,1121,11432,0,0,0,0,0,0,0,0,0,0,0,0,0,0,0,0,0,0,0,0,0,0,0,0,0,0,0,0,0,0,0,0,0,0,0,0,0,0,0,0,11432,3687,1460,406,33,46,4,82,2,0,0,1,80,4,3,4,5,3,0,171,2,1,95,0,60,7,69,5,7,15,232,0,7,117,30,10,0,24,5
11433,11433 - South Jamaica,1451,23188,62,2386,0,6422,1001,2227,2349,2614,1704,981,614,545,1766,2678,2482,2081,2429,2402,2244,2007,807,961,575,566,954,654,466,403,11433,0,0,0,0,0,0,0,0,3,0,3,2,4,8,11,9,7,10,8,12,2,0,0,0,0,0,0,0,0,0,2,5,4,5,8,8,8,12,11,40,11433,2986,2108,224,29,3,3,9,81,16,1,20,198,2,0,1,1,1,0,40,0,1,30,0,83,4,12,6,8,5,125,1,41,280,18,8,0,3,36
11434,11434 - Rochdale/Baisley Park,1749,57073,31,1092,19,3204,1089,4097,3902,4019,2752,1522,1119,778,2851,4767,4379,4113,3911,4284,5237,4290,1216,1873,1244,1646,1798,1800,1093,1567,11434,0,0,0,0,0,0,0,0,0,0,0,0,0,0,0,0,0,0,0,0,0,0,0,0,0,0,0,0,0,0,0,0,0,0,0,0,0,0,0,0,11434,6056,3480,53,6,2,8,8,122,4,3,3,205,12,1,2,2,2,0,92,0,0,54,0,61,9,41,9,15,3,128,0,37,360,18,15,0,3,25
11435,11435 - Jamaica Hills/South Jamaica,11705,14243,116,12624,23,15767,3235,3876,3610,3103,1844,1223,625,851,2211,5650,5206,4143,4076,4265,3765,3826,1426,1555,1005,1441,1253,1098,911,749,11435,2,0,0,0,0,0,0,4,2,0,2,6,8,12,13,14,13,18,15,26,0,0,0,0,0,0,0,0,0,0,4,2,4,6,10,8,8,14,16,40,11435,2266,2105,501,84,66,12,64,63,21,3,15,166,7,0,6,3,2,0,93,0,0,78,0,55,8,56,5,7,7,247,0,9,180,15,3,1,24,47
11436,11436 - South Ozone Park,1454,15030,128,1828,1,2854,750,1267,1307,1623,832,433,367,415,1165,1866,1531,1535,1399,1634,1823,1347,441,681,328,465,657,358,261,312,11436,0,0,0,0,0,0,0,0,0,0,0,0,0,0,0,0,0,0,0,0,0,0,0,0,0,0,0,0,0,0,0,0,0,0,0,0,0,0,0,0,11436,2834,1277,24,5,0,1,0,3,0,0,1,30,5,0,2,0,0,0,20,0,0,7,0,17,0,1,2,7,0,64,0,16,134,6,1,0,0,3
11691,11691 - Far Rockaway,24915,29625,158,2064,57,5609,1537,6846,5551,4666,2495,1446,1028,988,2890,4198,4264,4494,2758,3641,3772,3571,1604,1719,1154,1060,1671,1642,1342,1166,11691,3,0,0,0,0,2,0,3,2,2,4,11,16,23,28,30,30,30,26,41,0,0,0,0,0,0,0,0,2,2,4,6,10,13,16,18,19,29,35,76,11691,2271,2510,434,51,28,21,59,15,0,1,4,95,1,4,5,17,3,0,68,0,3,24,0,60,1,21,4,92,12,57,0,40,780,29,8,0,5,22
11692,11692 - Arverne,4919,11467,153,1179,0,1820,506,1580,1557,1600,1153,475,315,288,537,1285,1295,1156,1189,1619,1426,1111,551,658,385,381,387,482,345,268,11692,0,0,0,0,0,0,0,0,0,0,0,0,0,0,0,0,0,0,0,0,0,0,0,0,0,0,0,0,0,0,0,0,0,0,0,0,0,0,0,0,11692,382,1355,125,11,1,0,5,5,2,1,3,32,0,0,0,2,3,0,13,0,0,2,0,9,0,4,8,53,4,7,0,25,222,3,7,0,2,15
11693,11693 - Hammels/Broad Channel,6908,2991,24,892,0,904,621,917,893,590,421,187,304,149,371,976,838,697,905,1119,1004,787,290,467,299,209,368,281,163,106,11693,0,0,0,0,0,0,0,0,0,0,0,0,2,6,6,4,4,4,5,6,0,0,0,0,0,0,0,0,0,0,0,3,0,5,3,5,3,3,8,11,11693,992,330,117,19,7,6,2,14,0,0,6,30,0,0,0,1,0,0,23,0,1,11,0,7,3,4,8,25,8,23,1,31,287,2,5,0,3,11
11694,11694 - Seaside/Belle Harbour/Neponsit,17394,1694,106,614,0,1173,179,1169,1066,1384,916,316,181,200,408,993,1394,988,1109,1431,2004,1646,631,942,658,691,907,834,569,721,11694,0,0,0,0,0,0,0,0,0,0,0,0,0,0,0,0,0,0,0,0,0,0,0,0,0,0,0,0,0,0,0,0,0,0,0,0,0,0,0,0,11694,1844,1160,233,63,18,38,7,3,0,0,1,36,2,1,0,6,0,0,41,0,1,12,0,12,3,13,2,13,19,44,0,28,128,8,4,1,11,3
11697,11697 - Rockaway Point/Roxbury,3776,13,0,10,0,117,12,175,259,336,158,58,49,0,160,159,64,192,202,305,308,335,155,141,52,132,181,138,199,170,11697,0,0,0,0,0,0,0,0,0,0,0,0,0,2,2,0,2,0,3,8,0,0,0,0,0,0,0,0,0,0,0,0,0,0,0,0,0,2,4,14,11697,3,0,0,0,0,0,0,0,0,0,0,0,0,0,0,0,0,0,0,0,0,0,0,0,0,0,0,6,0,0,0,0,3,0,2,0,0,0
